0,作为四川人 来这家新开的店已经6次了...我就真搞不懂有些人是不是眼红人家店生意好 说人家一个肉3、4个签子？你可能还不会数数。不好意思 我真是使出浑身解数也没在整个店找到4个签子的 最多签子3签就两个品类 因为肉部分好 当然要卖贵 其余的肉都是一两个签子 大家可以看图 脆骨 郡肝 牛肉 五花肉 鱿鱼 牛板筋凳都是一个签子 香菜牛肉酸菜牛肉之类的两个签子。这家店为是从南方吃到北方 原来在芝罘区有一家 太远了 现在开了一家到大学城 终于可以好好吃了。下面重复我之前的做油碟方法：南方人吃火锅串串必备油碟！来说一说如何配制，非常简单！建议自己动手：蚝油1/5勺、蒜泥少量、小米椒少量！（小米椒一定要少量！不然巨辣！）香油半袋！然后可以适量加醋（个人喜酸 一般加一勺）然后放入一些芝麻、香菜适量！油碟制作完成！这次来还赠送了蛋炒饭 惊喜 之前刚刚开业的时候还没有 对于我这个吃火锅必点饭的南方人再好不过了 对于价格 全国都一样 对于学生来说确实稍贵 不过呢 就和吃火锅一样 偶尔吃吃还是可以 味道赞就行了～ #麻辣小郡肝# #麻辣牛肉# #油碟# #番茄鸳鸯锅# #麻辣脆骨# #自己盛的番茄汤#
1,我要吹爆这家串串店！本人认为是全中国最好吃的一家串串店。首先来普及一下油碟！南方人吃火锅串串必备油碟！不吃一生后悔！来说一说如何配制，非常简单！建议自己动手：蚝油1/5勺、蒜泥少量、小米椒少量！（小米椒一定要少量！不然巨辣！）香油半袋！然后可以适量加醋然后放入一些芝麻、香菜、黄豆适量！油碟制作完成！   我点的番茄鸳鸯锅，他家的番茄汤真的好喝到爆啊！浓浓的番茄味。每次锅一端上来我就先盛两碗番茄汤凉着，此时的番茄汤是最浓的！！！因为还没有加汤！然后是他家的小郡肝！一点腥味都没有，还是取一个鸡胗中最中间最嫩的部位！简直是脆脆的太好吃啦！然后是他家的脆骨，本人最喜欢吃脆骨了，麻辣味的脆骨放入油碟中，简直是美味中的极致！我最喜欢他家小鱿鱼，可能因为靠海，才有这样的福利！各种菜都是特别好吃的！强烈推荐啊！正巧碰上活动，两个女生不点饮料才61元。不然学生党会觉得原价有些贵呢。不过还是希望以后商家多多做活动！毕竟莱山区学生多呀～ #麻辣小郡肝# #红糖糍粑# #麻辣牛肉#
2,辣锅味道蛮好的，就是锅底辣度够，但是感觉不够咸，串串还都蛮新鲜的，脑花，鲜鸭血，腰花都不错，冰粉解辣神器，够甜但是红糖味不重。酥肉还蛮好吃的，不是那种五花的酥肉，花椒味比较轻，像炸里脊，瘦肉多。串串种类还挺多的，天味小香肠，羊排，郡肝等等，竟然还有兔腰。整体都很满意，好6吃的！位置就是在烟大南门出去的那条街上，还比较好找，不得不吐槽店里面四人桌太小了。我们三个人坐还觉得挤，感觉四人桌两个人坐比较合适。还是圆桌比较好。小姐姐服务很不错啊，加汤很积极。服务也很赞！
3,钢管厂可算在莱山开了，9.9的100根签还是挺划算的，两个人还要再点锅底小料啥的，再加100块钱左右，就能吃的很好了。他家冰粉真是爱了，东西挺多的，也不是红糖，不知道什么糖。就是那个麻辣牛肉真的太辣了，一般人扛不住啊。还有辣锅经常会溅，服务也是挺不错的，阿姨态度很好。加汤也挺及时的。晚上人还不少，还有在排队的，我六点左右到，基本就满了，很火爆了，趁着这9.9的活动最后一天来体验一下，感觉还行。希望商家再多些优惠活动。 #空运鲜鸭血# #麻辣小郡肝# #9秒鲜毛肚# #水晶鸭肠# #爽脆黄喉# #麻辣牛肉# #红糖糍粑# #香脆酥肉#
4,抓住活动的小尾巴跟朋友一起吃串串，店里生意真是相当火爆去的挺早还稍微等了一会儿，串串种类非常多简直全烟台最多！果然是连锁品牌店怪不得口碑很好！吃串串就得认准钢管厂五区！团购的9.9套餐真的很划算，选起串串来毫无压力，童叟无欺，希望多多搞活动我还要多多的去！冰粉好好吃啊！！！还有花香的赶脚！！！鲜鸭血超爱啊！！ #空运鲜鸭血# #麻辣小郡肝# #9秒鲜毛肚#
5,这家钢管厂五区小郡肝位置在莱山新世界百货对面，在网上团购了个9.9套餐，挺划算的，来的时候人很多，等了一会儿，事实证明一切皆值得，哈哈哈。吃的好过瘾，点的红油锅底，味特别正，微辣锅比较合适，推荐牛骨髓，牛舌，泡椒牛肉，冰粉和小酥肉，哎嘛，又馋了，准备二刷的店。
6,早就听说莱山这边又开了一家钢管厂五区小郡肝串串香，以前在上夼西路就吃过几次，口味很好，这次约了几个朋友过来拔草，口味还是慢点吃，真心不错，油碟很香，小米辣真的好辣呀，建议不要放太多，大刀毛肚，百叶，小郡肝最喜欢吃了。9.9团购特别划算。
7,我是看着评论来的 就为了验证下到底是怎么回事 首先 服务是可以的 环境也可以 串串种类很多  要的辣锅 中辣不是很辣 能吃辣的可以要更辣的 油碟是我直接拿的人家调好的 味道偏甜一点 不喜欢可以自己调 我特意在哪串的时候拿了一百个签子 要啦四盘菜 两个人吃的走不动路啦 结账时 签子没花钱 只买单啦锅底和菜钱 总之很满意 想吃的可以趁这个活动没结束来尝尝 确实很优惠 特拍照证明哈
8,今天正巧开车路过我的母校，不经意向路边看了一眼，这是啥？眼前突然一亮，貌似又开了家新店。定睛一看～钢管厂五区小郡肝，哇塞……666呀！终于可以在家门口吃到我的最爱串串了。大刀毛肚、脆爽黄喉、百叶、脑花都是我爱吃的，其实菜品太多太多，肚子也装不下了，只能等待我下次来打卡。
9,钢管厂五区串串在上夼有一家店，一直没能去尝尝。最近莱山店开业了，正好赶上搞活动，美团9.9团100串，还有鲜鸭血，真的是巨实惠。他家品种丰富，食材新鲜。料碟有已经调好的，口味超正宗。点的鸳鸯锅底，是番茄和麻辣拼的，两个锅底口味也都不错。性价比真的是蛮高的呢！😜
10,龙城码头是我最喜欢的口味了，实惠新鲜丰富，阿姨服务态度也很好。带朋友一起来，吃过那么多家火锅店，这里是最实惠的，4个人吃的特别满意，值得推荐。每次来都会点腰花，鸭肠，鸭血，这次的筷子牛肉也很喜欢。还是喜欢之前的鲜鸭血，口感太棒了。还会一如既往选择这里，强烈推荐给大家！想吃好吃的特色的正宗的火锅一定来尝尝。 #猪脑花# #手工鲜虾滑# #鸭肠# #毛肚# #秘制牛肉# #油碟# #油豆皮# #柳叶腰子# #蔬菜拼盘# #筷子牛肉# #山药# #柳叶腰花# #五花肉# #宽粉# #甜不辣#
11,什么都不想说了。。。。自从吃了他家的，就什么都不想说了。。此处省略100字。。。。。快点吃吧，必须的用代金卷太给力。又不想多说什么了。。此处再省略100字吧。。。。。
12,两个人，两张券150搞定，没吃完，打包了，情有独钟就是喜欢，好吃，结婚登记在这庆祝，同样的位置，通常的好吃
13,来过好多次了，从来没有失望过，喜欢吃火锅的抓紧时间来吧
14,很好吃，俩人没吃完，提一点点小建议，服务员收垃圾收的太勤了吧，基本吃两口收一次，收的勤是好事但太勤确实影响体验
15,我老公说是烟台最好吃的火锅
16,很好，菜品不错，环境不错，服务态度也很好，来了好多次了
17,超级实惠，店里环境很好，菜量足，我跟朋友按照正常吃火锅的量点的，结果最后剩了好多
18,狗狗明明女儿的您，我，我，wogopoonegeil #手工鲜虾滑# #秘制牛肉# #海蛎子# #成都千层肚# #海鲜拼盘# #白菜# #印度飞饼#
19,好吃
20,环境超级棒，服务生小哥哥很可爱，味道超级棒，最最主要的价格惊天的便宜实惠，在大学旁边的火锅不会骗学生。值得！
21,无敌好，无敌实惠，我吃的都不好意思了，感觉这么少的钱，竟然能吃到这么好的东西。无敌幸福满足。
22,99元套餐饭量大的有点吃不饱 小饭量来说是足够了
23,这次的体验感特别差，之前去过那么多次从来没有遇到过吃饭吃到中途收银去要钱的，还说什么消费208，给他们208他们就在给上一盘肉，给他们200他们就不上肉了，其次扫码点餐的地方写着扫码点餐享受会员价，可是最后呢？？会员价呢？？？而且我只想说，收银那个人脑子不好使嘴不利索就别干，自己说不明白就一直在叭叭，态度还烂的一批，最后还问我们难道你们是团了券？我们问什么券，他说没啥，生怕别人买了美团券是吧，真是服了这个恶心的人，以后再也不会去了，除了想着怎么坑顾客没别的事
24,讲真的对比芝罘区的分店你家差的不是一点点 服务态度也没有多差。就是上了汤底以后不给开火嘛。嗯对了听说你家清汤底是加的水 还是常事 别说我猜的是你家服务员自己说的 嗯都挺好的 然后呢 不想再吃加水的火锅了所以不会再去了
25,环境很好啦，肉的口感也不错，精品肥牛好吃，价格实惠，两人餐99元很适合我们，调料味道也很好～麻汁很香呢 #麻酱# #油豆皮# #手擀鸡蛋面# #肥牛卷# #二品清红锅# #金针菇#
26,在美团上看到19.9的套餐活动，和舍友一起去吃的，两个女生，吃的饱饱的 #油豆皮# #秘制嫩牛肉# #毛肚# #精品肥牛上脑# #肥牛卷# #冻豆腐# #茼蒿#
27,非常差的一次体验，一开始是团的口碑前台验证的人磨磨唧唧的一会说不可以用一会说也可以，后来团了美团，而且店里面不太欢迎网络客人，形成了鲜明的对比，尤其在服务态度上，而且吃的时候总感觉有人刻意在盯着你一样，真的是特别差，以后都不会来他家了。真的是吃一顿饭都吃的不开心。。。
28,价位还算是可以的，点半份可以品尝多一些种类。口味还行 #炸油皮# #特色虾仁滑# #五花肉#
29,上菜超级快的！我以前在美团上订的套餐，不小心过了使用期限，不知道能不能用，有位工作人员是经理叭应该，说，这个送我们了，不敢相信有这么好的人耶！为了服务态度，也要去当回头客！环境很好哦，情侣也是蛮合适的！干净卫生态度好！爱了爱了(⑉°з°)-♡ #肥牛卷# #一品清汤锅#
30,听闻这家火锅店主打养生，我这个养生少女立刻被吸引了，在此发表此次品尝体验:锅底是新鲜斑鱼骨熬制（喝汤完全可以喝出来，超级鲜！）  ，涮品十分好吃，小哥哥小姐姐服务十分周到，初次来品尝感官极佳，最后发现老板娘十分漂亮还好心的送了特色凉拌鱼片，表白漂亮老板娘。 #红糖糍粑# #虾滑# #斑鱼片# #鱼汤# #张派毛肚# #泡椒鱼皮# #空运鲜鸭肠# #超脆鲜黄喉# #锡盟羊羔卷# #特级肥牛# #青笋头# #养生斑鱼锅# #特色小料#
31,首先，汤汁十分鲜美，鱼片只需要涮三秒就可以吃，还有配菜十分新鲜，最适合我这种喜欢快节奏的吃货了；齐次，小姐姐小哥哥服务十分到位，帮舀汤，帮下鱼，还帮忙调料，表白温柔帅气的小哥哥和善良体贴的小姐姐，最后感谢老板娘赠送的独家凉拌鱼皮，极好的品尝体验，墙裂推荐! #红糖糍粑# #张派毛肚# #红糖枇杷# #生态真鸭血# #麻匪牛肉# #超脆鲜黄喉# #什锦拼盘# #瘦身海藻丝# #紫薯宽粉# #正宗重庆锅底# #大白梨# #油豆皮# #空运鲜鸭肠#
32,第一次来吃 很不错 这家店的斑鱼很特色  底汤很好  点了一个鸳鸯锅味道很好  很不错整体装修风格很喜欢 卫生环境很干净  配菜也很齐全 上菜很快，在这里办了 会员卡以后经常来。而且菜价不贵，服务员服务周到 很nice ^O^  以后经常会来的。 #斑鱼片# #张派毛肚# #虾滑# #生态真鸭血#
33,是他们家的老客了，说实话，吃了这么多家火锅，唯独会一直回味的就是蜀张一派了。原来吃暴力小米辣，现在爱上了青青鲜椒酱。口味没得说，用油用的好，小料和汤底都很香，香味是那种纯正的香醇，不是牛油。装修很有特色，座位多，舒服。老板娘服务很热情，会仔细介绍鱼和汤，介绍食材和吃法。最重要是老板娘会记住我们的喜好，每个人喜欢吃什么她都能记住，可以说非常细心了！每次必点，毛肚、黄喉、鸭肠、腐竹、笋片，食材都很新鲜，非常满意 #斑鱼# #斑鱼片# #张派毛肚# #特色小料# #脆腌黄瓜# #超脆鲜笋片# #牛肚# #麻匪牛肉# #鸭舌#
34,上市里三楼这家斑鱼火锅真的很好吃，是我吃过做好吃的火锅，特别是斑鱼，鱼汤很鲜美，鱼肉片很薄，而且一点刺都没有，口味鲜嫩肉质饱满。服务态度也很好，老板一遍遍给讲解和亲自下鱼，并讲解如何配料吃，是一家很讲究的店。带着小孩去的，特别爱吃鱼，关键是没有刺，吃的很放心，店里环境也很好，小孩子玩的也很开心。这家店还会经常来，特别适合养生的人，尤其是适合带着老人和小孩来。 #斑鱼# #虾滑# #斑鱼片# #鱼汤# #张派毛肚# #红糖糍粑# #空运鲜鸭肠# #生态真鸭血# #麻匪牛肉# #超脆鲜黄喉#
35,超级差，说好的免锅底，付钱的时候我用的美团券，但是也没有提醒我用了券不能免锅底，到头来我还多花了十几块钱，竟然跟我说一样的，不会算数就不要在前台好吗，本来价格也不低还来这种态度，给个什么券说下次可以用，不好意思，不会再去了😠
36,味道很好，关键是健康养生，汤都是用矿泉水熬的，油是一次性植物油，鱼也是活鱼现杀。环境优雅，古色古香，全店到处都是木质竹制构架，给人一种自然的气息。服务体贴周到，餐具都是服务员当场用开水烫过的，并且每人分一碗鲜香味美的鱼汤，暖胃又暖心！
37,环境好，老板娘漂酿，主要是火锅真的特别好吃，每天都想去吃，我明天还要来！ #斑鱼# #虾滑# #斑鱼片# #鱼汤# #特色小料# #张派毛肚# #正宗重庆锅底# #广州斑鱼# #红糖枇杷# #超脆鲜笋片# #红糖糍粑# #脆腌黄瓜# #干煸花生米# #张派小酥肉# #牛肉条# #牛肚# #泡椒鱼皮# #椒麻鸡# #大蟹棒# #午餐肉# #撒尿牛丸# #空运鲜鸭肠# #特价丸子# #招牌鱼片# #肉丸子# #大三星# #生态真鸭血# #超脆鲜黄喉# #小白梨# #小吃虾片# #鸡蛋# #甜不辣#
38,下雪了 好冷突然想吃火锅了 跟朋友在附近转了一圈看到上市里三楼楼梯口有家斑鱼火锅  就想去试试看 真的不错 进门就感觉到了服务员的热情 听他介绍鱼说鱼片很薄三秒就可以吃了  我还不信  等鱼上来我真心的服了  真的是薄薄的一片 吃着有点嫩鱼片那还很有嚼头  很鲜 很大家说说她家鱼汤吧  服务员介绍说纯鱼汤熬制的  我喝一碗确实不错 冬天在外面冻的浑身发冷  进来喝一碗热热的鱼汤 瞬间全身都是暖暖呢 纯天然腐竹入口即滑 要吃斑鱼火锅的就来上市里三楼  没错的
39,围裙脏特别脏……以后真的不想去了
40,去鲁东大学买得起火锅套餐，味道不错 ，很喜欢，店里的小姐姐很热情，彤德莱的调料太好了，各位酱料，非常棒，大雪纷飞吃火锅很好火锅不仅是美食，而且蕴含着饮食文化的内涵，为人们品尝倍添雅趣。吃火锅时，男女老少、亲朋好友围着热气腾腾的火锅，把臂共话，举箸大啖，温情荡漾，洋溢着热烈融洽的气氛，适合了大团圆这一中国传统文化。 #墨鱼丸# #肉滑# #鸭血# #韭菜# #老醋花生# #毛肚# #血豆腐# #汇源果汁# #蛤蜊# #菠菜# #鲜浓情汤# #滋补菌锅# #一品鲜浓清汤# #山珍小聚# #娃娃菜# #蟹棒# #生菜# #魔芋结# #小料# #茼蒿# #内蒙羔羊肉# #小鸡# #自制饮料# #西瓜汁# #经典羊肉# #黄喉# #牛肉酱# #手工猪肉水饺# #特色油炸豆腐皮# #白菜# #香辣红汤升级# #土豆片# #火锅川粉# #香菇# #涮菜# #沙茶# #牛骨髓# #虾滑豆油皮# #鲜榨果汁# #内蒙古精品羔羊# #烤串# #肥牛肥羊# #牛丸墨鱼丸# #雪花牛肉# #杏鲍菇# #海带# #番茄锅# #菊花茶# #螃蟹腿# #蓝莓汁# #手指年糕# #北极虾# #海螺丸# #油麦菜# #甜不辣# #麻辣锅底# #鱼豆腐# #特色油豆皮# #五花肉# #麻酱# #海鲜拼盘# #鲜豆腐# #小凉菜# #三品营养锅# #泡椒鱼皮# #地瓜片# #菌菇拼盘# #山药# #金针菇# #新西兰精品羊排# #牛羊肉# #麻汁调料# #海蛎子# #海鲜汁# #油炸豆皮# #蔬菜拼盘# #大虾# #撒尿牛丸# #菌类拼盘# #冻豆腐# #鸳鸯锅# #酸梅汤#
41,特别好，一直去位置优越，距离接到进、靠近鲁东大学，特别喜欢特别好，服务态度好，特别喜欢，卫生设施很好，消防也配套合理，洗手池是热水，非常不错，最喜欢的就是去他家服务不需要
42,特别好，调料自选，味道很不错一级棒可以靠窗，特别好，走时还送可乐，喜欢这种服务，真的很好很容易等到位子，特别开心，特别喜欢，环境一级棒，菜品很好，卫生间很干净，热水也很方便
43,真的很喜欢；特别喜欢，经常过来关心你一下用餐环境真的很好，两边靠窗，卫生间定时清理，非常干净，让人舒服。这体现了正规，下次还去很快。一来即坐。希望这个团购继续不要取消。
44,说实话这个价格还算可以，但是上菜特别慢，等了很长时间只能看着蘸料，要饿的吃蘸料了……服务态度特别不好 有个年轻的服务员，穿西装不是工作服的那位态度也太差了，一直在骂出菜的大爷，脾气特别不好，影响食欲
45,在鲁东大学买的，很实惠，店里气氛很好，有免费的零食和小菜，还有免费的水果，彤德莱火锅店在烟台有很多，南大街很幸福都有，火锅餐饮方便快捷的大众化特色被消费者接受和喜爱，尤其北方地区寒冷干燥的天气让火锅市场潜力很大，而且火锅种类的经营方式也不断创新，有以“麻、辣、烫”著称的重庆火锅是南派火锅，以涮羊肉为主要代表的北派火锅和新派火锅。 #秘制嫩牛肉# #手擀鸡蛋面# #一品清汤锅# #二品清红锅# #冰虾# #特色虾仁滑# #精品肥牛上脑# #鸳鸯锅# #冻豆腐# #撒尿肉丸# #大虾# #菌类拼盘# #牛羊肉# #海蛎子# #蔬菜拼盘# #新西兰精品羊排# #海鲜汁# #菌菇拼盘# #泡椒鱼皮# #鱼豆腐# #海鲜拼盘# #油麦菜# #海螺丸# #北极虾# #鲜豆腐# #小凉菜# #麻酱# #杏鲍菇# #手指年糕#
46,性价比很高 菜量足
47,还是一直以来的水平吧 无功无过，，，，
48,这个套餐单人吃挺好的。真的不用加东西，如果不是超大胃口😂
49,很好
50,今天又三位八十岁老人过生日，选择了东来顺饭庄来庆祝老人们的生日，选择太对了！布置了房间，增加了欢快气氛，给老人添喜气气氛，老人们很开心。因为老人，还给我们送了蜂蜜水和水果盘，非常感谢孙玉平孙姐的热情招待，特别感谢李领班给我们拍了照，还制作了照片送给我们，老人们非常开心，非常感谢你们。
51,京式火锅的味道，非常赞，菜品丰富新鲜，最重要的是服务超好，孙玉平大姐服务特别细心周到，给我们推荐超实惠的套餐，点个赞。
52,又来啦，还是给爸爸八十寿诞过生日，选择很多次就是服务好，照顾老人，非常开心😁
53,超级舒心的一次体验！菜品新鲜，价格也很实惠。最重要的是服务超级热情！考虑到我们带着6个月的宝宝，特地给我们安排了包间和婴儿座椅，感谢孙玉平孙姐的周到考虑，真心感谢！
54,老人过生日去吃的，提前打电话定了包间，菜量很足，感谢孙玉平与李领班的热情周到的服务，赠送的寿桃，长寿面跟果盘，非常满意，下次还会来吃的
55,孙阿姨和小芸的热情服务让我们吃的很开心，还有李领班送的爱心果盘，套餐很合算，量足，以后经常光顾东来顺，点赞👍
56,套餐非常实惠，口味和北京一样。王晓芸等服务员服务热情周到，非常赞。
57,一进来，前台小邢把我引领到房间，拿的酒水热情的帮我拿着，服务态度超级的好，到了房间还有孙阿姨的热情服务，不愧是五星级的服务，超赞的！
58,盛肉的盘子换成木架了，味道还是一样的好，肉好，清真的不会掺假
59,菜品非常丰盛，性价比好到飞起。最主要是服务，五星级服务，孙玉平经理非常贴心，提前布置好房间，给过生日的孩子赠送了很多贴心的小礼品，全程亲切和蔼的微笑，让人如沐春风，大寒之际让人感受浓浓的春意，烧饼，羊肉，胶东大饽饽，太棒了。
60,3个人没吃完，量很足，尤其是店长的服务态度非常好。
61,听朋友说挺好吃的，四个人四人餐吃不了，经济实惠，服务很好，下次打算自己带家人去。
62,上次来很好吃，今天和家人一起来吃，很好吃，服务很好，下次还会来。
63,菜品不错，蔬菜新鲜，口味也很好，环境干净整洁，特别说一下他家的虾锅，对不愿吃虾的人尝过之后都说好吃，不腻，牛筋巴脑也很好，适合我，他们家帅哥老板更是亲切，亲自为我们下虾滑，手艺棒棒哒，服务员也是亲切，海底捞的服务在他们家也有体现，我们吃饭，服务员帮我们抱宝宝，只为能让我们吃好喝好，服务一流。。强烈推荐他们家，以后还会经常去，一家人吃的好开心😄
64,很不错，味道很赞。点了一大桌子，龙利鱼，筋头巴脑锅，牛肚，虾丸很好吃。蔬菜也很新鲜。自拌调料也很好 #筋头巴脑# #一锅两吃# #菠萝汁# #芒果汁# #大块牛肉# #牛百叶# #龙虾丸#
65,肉肉很好吃，而且服务态度特别好，还会再去的！
66,量很大很好吃，出去打车的时候师傅说我们一身肉味，哈哈
67,味道棒棒哒👍
68,看自己了，我和女友两人，吃得好饱
69,真好吃😋超喜欢
70,很推荐，味道也不错，推荐大虾，很新鲜很新鲜，份量很足，两个人吃到撑
71,口味还不错，服务非常到位，很好，和对象两个人吃的，还有剩的 #泡椒鱼皮# #丽江斑鱼# #鲜虾# #斑鱼锅底#
72,我们去的比较早，中午的第一桌！好吃，本就是慕名而来，味道没的说！
73,好吃，鱼肉很嫩，拌鱼皮很好吃。 #龙继拌鱼皮# #鱼片#
74,很好吃，挺不错
75,最爱鱼汤和鸡蛋面，还有小米辣，就是下次调小米辣的时候少放点儿蒜泥儿昂😂小米辣和鱼片是黄金搭档
76,老爸老妈一直都很喜欢的店，记不清去过几次了，不错
77,三人去的。味道挺好。菜品新鲜分量也足。
78,味道还是不错的，但是服务真无语了
79,元旦和女朋友去的，她挺喜欢吃的
80,好吃和老爸老妈来了好几次了
81,还有两个忘记照了，二人餐，每次都吃不完要打包带走，味道也很好
82,很不错 去过好几次了
83,非常棒呀，跟妈妈一起去吃的😁😁两个女生根本吃不了呀~小菜都很好吃，更别说主菜了~最喜欢的还是海鲜葱饼😄😄以后还会再去哒 #牛尾汤# #米饭# #海鲜葱饼# #小菜#
84,老板人热情心细，东西好吃不贵。对于服务细节的掌控有超出预期，今天用餐非常感动，强烈推荐。 #炒杂菜# #海鲜饼# #南瓜粥#
85,牛尾汤好喝，点的双拼炸鸡特别好吃，芝士玉米甜甜的也不错，蕨根粉豆腐汤也不错。炒杂菜看着不起眼味道特别好。光顾得吃忘记拍照了
86,各位小仙女～～这是一个好评模板，不要看了下面都是废话。因为本仙女很懒不想每个宝贝都写好评，所以才模仿网友的好评模板，但是这个宝贝不管是质量还是款式都是本仙女喜欢的～～如果不喜欢、本仙女收到会很生气然后这个模板就会变成各种喋喋不体的吐槽，自然不会撒下这个好评给各位淘友一个参考。本宝贝还是极好的，来自一位懒省事的只爱购物不爱写评论只想换积分的仙女～～ #泡菜饼# #炒年糕# #烤猪五花肉# #大麦茶#
87,汤很鲜美，小菜也都是我喜欢的口味，下次还会光顾
88,#牛尾汤# #烤猪五花肉# #炒年糕# #海鲜饼#
89,1在这家吃过很多次，光美团就十几二十次了，从不评价，但这次我要吐槽一下：我点了两份2人餐，除了主菜和牛尾汤，其他的都是只上了一份，这没什么反正又不吃那些。其中的一杯橙汁没了孩子还要喝，就把杯子给服务员再要一杯，然后迟迟不给送来，后来又催，告知第二杯要花钱，我要了两份2人餐，多要一杯橙汁不行么？就算花钱你一开始怎么不告诉我？结账时老板还假惺惺的说哎呀那杯橙汁免费送你吧……我说别别，算钱。老板很爽快的给我算钱了。生意好不差我这一个顾客，以后不去就是了。
90,海鲜种类很多，环境很好，干净卫生，之前看了评价很多都说不好的。感觉不敢去了，去了以后发现挺好的，远离市区，很好找，在二楼，小姐姐都很好看，小螃蟹有点小但是很肥，虾爬子已经死了，海螺还有很多贝壳类里面有沙子，吃的时候要小心一点，整体不错。我完全是吃海鲜吃到饱的。
91,从前台接待，大厅经理到服务员，都非常热情，火锅添水很及时。      海鲜很新鲜，螃蟹乱跑，很有活力，豆腐鱼是活鱼现杀，各种贝类，生蚝扇贝，小龙虾都是活的，而且很干净，非常新鲜，池子的东西少了加的也很及时。      除此之外，还有皮皮虾，大虾，笔管，鱿鱼仔，八带，鸟贝等等好多海鲜，我完全是海鲜吃饱的，嘿嘿。      各类熟食，甜品，水果，饮料也很丰富。      不过再次推荐各位还是吃海鲜哦。      服务态度很好，从来不催，来去特别热情。      一次美好的美食之旅，满分！下次还会来的。
92,一家三口去吃的幸福晚餐，我们的口味算是比较敏感的了，但是回家后老公说吃多了，真的是太好吃了，有机会还要去，超值～～～ #榴莲冰淇淋# #三文鱼#
93,哇哦w(°ｏ°)w宝宝过生日过来吃个火锅腐败一下😍ོ情侣用餐还送玫瑰花等等太多了好吃的东西了都没有吃全乎就撑得慌买一送一月底过生日叫着朋友继续在来一顿 #三文鱼# #大闸蟹# #秘制海鲜大咖# #牛蛙# #虎头参# #乳山牡蛎# #铁板烧# #整条冰鲜三文鱼# #龙虾仔# #鲜活天鹅蛋# #港虾# #竹节虾# #巴沙鱼# #深海墨鱼# #渤海湾小海兔# #帝王蟹#
94,刚开始进去第一眼并没有看好，但是有位服务员带我们参观了一下各种海鲜再让我们去前台付款的，感觉这一点很不错。服务员态度挺不错的。希望之后再去卫生环境可以好一点，不要让𓆦到处飞！菜品可以再多一点，最遗憾的是没有皮皮虾。赠送我们的两个鲍鱼，其中一个有点臭的味道，这是我比较认真的一次评价。录的视频不太清楚，海鲜除了没有皮皮虾其他的还挺丰盛的，🦀是死的，不肥美！ #榴莲冰淇淋#
95,刚开业的时候去吃过几次，挺好的，现在有活动，价格是便宜了很多，但是品质却远远不如之前了，东西太少了，上新也很慢，有点失望，宁愿像之前一样价格虽然高点，但觉得物有所值
96,哪有一楼评论的那么好。什么鲍鱼龙虾梭子蟹。鲍鱼梭子蟹就一样就送一个。还是速冻的。真对不起这一百零八。海螺小的很。其它海鲜都很一般。唉。
97,虽然每人一个酒精锅挺好，但是不能控制火力。🔥太旺了，有种被撵着吃的感觉！
98,爬虾都是死的。螃蟹还是俄罗斯冷冻的蟹子。晚上回家好一顿拉肚子。
99,不错很好吃。环境也很好。服务员小姐姐很好看。哈哈哈哈哈哈哈哈哈。吃的很饱，
100,味道还可以，锅底确实是枸杞油，微辣也不辣，可以喝的锅底，服务态度特别好，因为我们让位还赠送了双皮奶，嗯双皮奶很好吃，酸梅汁也好喝，价格倒是也不低，感觉略高一点点 #金钱肚# #芳誉斋大拌菜# #特制酸梅汁# #麻汁调料# #双皮奶#
101,东西好吃，服务好，来过好多好多次了，东西好吃，服务好，来过好多好多次了，东西好吃，服务好，来过好多好多次了，东西好吃，服务好，来过好多好多次了，东西好吃，服务好，来过好多好多次了，东西好吃，服务好，来过好多好多次了！ #金钱肚# #蓝莓山药# #绝味红油酱#
102,早就听说这家的豆皮牛肚很好吃，假期叫了三个妹子一起来的，美团四人餐对四个女生来说真的份量很足了，再来一个女孩子都可以😂😂😂价格实惠，味道也是很棒了，个人感觉凉拌肚比热肚更好吃，。以后有机会还会来的
103,相当不错，老客户了，就爱这家
104,口味不错看着很红其实不辣，孩子也能吃，金钱肚很嫩 #金钱肚# #香辣肚丝# #鱼豆腐# #魔芋丝#
105,很爱吃，味道很赞，麻油和醋是好搭档，配起来喝汤简直好喝 #金钱肚# #豆腐皮# #午餐肉#
106,分量很大，得5个人的量。味道不错。
107,好吃哦，墙裂推荐。
108,很不错
109,很实惠好吃
110,满分推荐！！来过好多次了，妥妥的回头客。。。食材很新鲜，味道也很好，价格实惠，性价比很高。。环境干净整洁，服务态度好，每次来人都很多，但是不需要等位。。以后还会来的，祝店家生意兴隆。。。🎊🎊🎊🎊
111,火锅很好吃，性价比很高。。菜品很新鲜，量也很足，两人餐很够吃，调料味道也很好。。环境也可以，干净整洁，服务员态度也很好，经常去吃，一般不需要等位。。推荐这家店，以后还会来的，祝卖家生意兴隆。。🎊🎊🎊
112,服务不错 口味很好 有点小零食就更好了和同学去的 只是在等着涮的东西 就很无聊 花生碎很好吃 冰激凌也很好 冬天吃冰激凌很爽 还有就是拌酱的碗再大点就好了 团的六人餐的券 吃的很饱 最后就是希望能禁止吸烟 总之整体下来都还不错啦！
113,口味其实没什么好说的，毕竟来这里是冲着高性价比。只是蘸料可能是为了控制成本麻酱弄的特别咸，我口重，一般我感觉咸真的咸。连锁火锅店的环境，可圈可点。服务人员较少感觉很辛苦，而且一个人端菜很厉害！但是服务态度都很好。
114,菜很好吃，分量足味道也不错，服务非常好，抢了推荐
115,#自制酸梅汤#
116,价格挺实惠，两个人没有吃完，火锅比较常规吧，老板也挺好的，酸梅汁挺不错的，还有免费的冰淇淋，虽然觉得天冷并没有吃，但是觉得挺好的。不过现在冬天了吃饭的时候有点冷。不是特别好的是小料里的麻汁，麻汁特别咸，把火锅里的汤盛到麻汁里面还是特别咸，希望生意兴隆
117,环境不错  每次火锅必吃他家
118,好，一如既往地好，这家店超实惠，口味好，喜欢
119,团购活动的菜量能少点，不过口味还是不错
120,第二次来了，离家近带家人过来尝尝，很好吃，环境也好，美团团购的3-4餐，我们三个人吃的特别饱，还会再来
121,入店的时候就像回到家的感觉，帅哥男服务员送上最温柔可亲的微笑，详细介绍店内的菜单和特殊推荐。菜的味道绝对正宗，虽然是二个人，不由自主的点了4个人的分量，因为都想品尝一下，极力推荐。特别是图片8⃣️站着的小哥，服务质量一流，这家老板和老板娘也是热情待客。 #上脑雪花肥牛# #牛蛙恋上虾中锅# #毛肚片# #牛百叶# #脱骨凤爪# #香辣鱼皮# #精品猪五花# #山药汁# #牛栏山二锅头#
122,是在烟台下的第一场雪，相约我的闺蜜们一起来的，从美团网上找的，看评价不错👍才团购的。提前电话预约了一下，没来之前怕是团购服务不好，来了后没有因为是团购另眼对待，服务很好👍很贴心，从进门的问候到提醒小心上船，再到主动给我们拍照都很贴心，真是少有的店家，菜品口味量足，好吃，闺蜜们一直说这里环境口味价位不错，相约下次再来，更希望店家生意兴隆！因为找到这样有良心有道德用心做的店家太少了！必须赞👍👍👍
123,超级棒的，环境不错 ，大虾也好好吃啊，还会再来哒
124,大虾不是特别新鲜虾头周围的肉都粉了，辣味很足吃不出其他味道，吃火锅加水后表面有好多泡沫不知道为什么，周四晚上去的人不多没有歌手献唱，没有惊喜菜品一般应该不会再去，可能跟团购有关吧大家去可以现场点餐试试可能会好点吧。
125,很好吃哟 吃完涮火锅赞赞赞
126,两个人没吃了，生了很多，服务真的超棒
127,菜品不错，环境很好，就是可惜没有听到歌曲，歌手有事，吃法很特别！！ #阿田大虾大锅#
128,还可以吧，单价比较高，去了好多次，还可以吧
129,没有音乐，东西不好吃！！！！超级不好
130,口味不错，价格便宜。
131,不好意思，吃完了，想起来了，好吃，儿子特别喜欢吃鱼片，特意领老爸老妈来吃。
132,很好，卫生整洁，口味好，喜欢
133,环境不错，菜品可以，以前总是美团，这次总是推荐点菜，结果三个人吃的比4个人套餐都贵，先说，酒水饮料都没点，坑人
134,口味超好，特别是斑鱼很好吃！每次都在这家消费！ #特色鱼片# #龙继斑鱼# #斑鱼片# #精品羊肉# #精品肥牛# #招牌斑鱼#
135,菜品好，服务员漂亮，环境好
136,环境不错，总体可以吧，来吃过几次
137,我和女儿两个人没吃了，又打包很多。
138,这家是全国连锁店，环境好，服务好，味道更是好！已经是多次光顾的老顾客了。
139,菜量够大，三个人正好
140,环境，味道一般，羊肉丸子不好吃
141,非常好吃，价位适中，环境不错
142,好，老人喜欢去他家吃火锅
143,不错可以还行
144,质量不错，挺好吃，三个人正好，可以去试试。
145,还不错，有活动，服务热情！菜品丰富！环境好！
146,老顾客了，肉品新鲜。
147,很实惠，东西量比较多，味道也可以
148,口味还不错，挺好的
149,很好 常客了
150,团购的，分量超级足！饼子很好吃。味道很好，老板娘服务更好！强烈推荐大家来。
151,很不错，全部扫荡。。。。就是有点咸。可能长期跟着老人一起吃饭吃的，味觉淡了很多。总体很好，一开始高德地图给导航错误了，导出10公里以外去。好不容易给发个微信位置可是找到了，真不容易，骨头炖的很带味，不错不错
152,挺好的
153,很有以前那种大灶台的味道，肉也很多，很新鲜，八个人是坚决吃不了的，玉米饼也很好吃，甜甜软软的，强烈推荐五花肉，带皮五花肉不腻，很好吃，还有宽粉也好吃，吃的很开心。去之前一定要先做上，去到之后直接能吃，不然闻着味吃不到太难以忍受了。强烈推荐
154,去的时候，老板娘满脸堆笑，说：你们今天有福，现在是淡季，买给自己吃的鲢鱼4斤，美团上是3斤半的鲤鱼，送给你们啦！走的时候却让补了25元差价，因为我们有个孕妇不想起争执，便给了她。提醒大家去吃的时候要小心被“套路”！
155,不错不错，味道好极了👏好不好吃请看图片
156,味道很好环境很好服务很好等位很好
157,味道非常好，提前预约来了就吃，媳妇怀孕了吃点这种饭干净卫生，味道还好，以后会常来，量非常大，四个人吃不完，大力推荐 #玉米片片# #豆皮# #山黄鸡# #宽粉# #土豆#
158,特别好吃！
159,哈哈真的很不错的体验  老板大叔超级好
160,环境优美，老板娘人美心热，还赠送了水果盘 超甜的橙子，值得来吃一吃。两人餐没吃完货真价实，再配上好益多，现在酒足饭饱的在这写评价。真心推荐
161,服务周到，菜品超好，环境优雅，味道纯正 #麻汁# #甜不辣# #手抓饼# #羔羊肉# #香辣鱼锅# #酸梅汤# #炸冰激凌#
162,一如既往的新鲜，一如既往的好口味 #精品肥牛# #酸梅汤# #新西兰羊肋卷# #香菇肉滑# #手擀面# #麻酱# #麻汁#
163,口味很好，分量很足，团了两个人的，三人没吃完👍
164,环境很好，服务周到，菜品很全，这次去还赠送大对虾，调料又全又美味，非常喜欢板娘姐姐 #精品肥牛# #麻汁# #麻酱# #海带片#
165,好
166,菜品不错，态度不错，环境不错，上菜速度还好
167,非常非常好，老板非常热情，强烈推荐！
168,除了团购还点了烧烤，量大实惠，看着其它桌吃的酸菜鱼锅也不错，基本一个月来好几回，生意不错
169,每次都是满意而归，环境也不错。服务员态度非常好
170,真的很好吃，已经吃过好几次了～今天又来了～
171,上的带汤的鱼 然后看到别的桌敢的鱼不错 就是炸的那种 然后店家直接就给换了重新做 非常感谢 强烈推荐
172,量大，口味好
173,特别特别好吃，汤也很鲜，两个人撑到爆都没吃完，还会再来的 #田园石锅鱼# #麻汁#
174,挺好的，就是人多等的时间有点久
175,还不错，常来的一家店
176,口味不错，三个人点的四人餐剩很多，量足。
177,多次来这家了！很喜欢她家的鱼，环境，特别是热情的服务
178,人满，好吃！！！
179,首先，在验证付款码的时候，老板没经过我的同意，擅自拿我的手机给了绝对好评，很不尊重顾客的意见，素质在哪？服务员在上菜的时候，不小心把水洒到了我朋友的手机上。虽然道歉了，但还是影响心情。肉煮起来漂了很多白沫，肉切的很薄，但是没关系啊，土豆切的很厚，厚到你怀疑人生，酸梅汤甜的要死。手工肉丸里面的肉全是油，勺粉一股塑料味，全程只有蔬菜和麻汁还算可以，希望店家能抓紧时间改进一下，要不然以后谁会去消费。本来想开开心心给舍友过个生日，火锅难吃成这样 大家吃的都不开心。服了。
180,菜量很足，价格实惠，值得推荐
181,火锅店感觉都一个样，菜品就那样，没有什么特别的。带的有孩子，在套餐基础上又加了菜。菜量普遍不多。两人套餐肯定不够吃的。孩子的餐具又另外掏的钱。。。。中间给填了一次汤。。。调料最后光了。懒得找人要了，吃了个底儿。
182,菜品很好  很不错  值得去  小哥哥人很好
183,很好吃，环境很赞，下次还会再来的
184,还要加锅底的钱嘞，大家不要忘了呀
185,饮料难喝 材料不新鲜 态度不好 就是便宜罢了
186,来过好几次，很好吃
187,最差的一家。没有之一。以后再去你是我爹！！美团的券去到说让坐到门口，那么冷谁坐门口，我说安排个包间吧，六人份说不能进包间。8个人才行，或者消费300以上才行，我说不进包间到二楼大厅也行，告诉我二楼大厅没有地方了，吵吵一顿给安排个包间，结果到二楼看一个人也没有，还告诉我满了，我去给你钱还要看你脸色。这家的态度是烟台市最差的。可能老板不差钱吧，差评！！！
188,最爱五花肉和白菜，巨巨巨好吃。比较实惠的一家
189,六个巨胃女孩竟然吃撑了，服务员态度很好的，鸡蛋面超级美味。还有冰激凌超好吃的。 #虾滑# #二品鸳鸯锅# #冰淇淋沙拉# #手擀鸡蛋面#
190,一直都吃他家的火锅，特别好吃，量还多，强烈推荐一下，美女服务员态度也超级好，各方面都很满意，吃的很开心
191,火锅在这里吃过好几次了，很好吃分量也很足，店内还有免费的冰淇淋可以吃
192,好评！套餐分量很足，性价比还可以，调料蘸料也很丰富，两个人吃足够了。
193,火锅很不错就是假期去吃的，临近春节，没有冰淇淋了。有点可惜
194,非常开心的一次体验，室友生日五个人吃的都很撑，服务员小姐姐也超级棒，给我们放了生日歌，心情好到飞起啊哈哈哈哈哈哈😄
195,菜超多，四个人吃超级饱，还没吃完就是鱼味卷不太给力
196,好吃   口味不错   食材分量挺多的
197,我们是五个人吃六人餐 吃不了哎 真的很足 跨年这天等了很久才吃上的 不过还是很棒呀 蘸料很好吃 肉和菜都很不错 吃到最后太撑所以没吃手擀面 有点小遗憾 唯一不太好的是有一盘肉是肥的 不好吃 其他的都不错 大家吃的挺开心 服务态度也挺好 #虾滑# #冰淇淋沙拉# #手擀鸡蛋面# #内蒙羔羊肉# #白菜# #香菇# #午餐肉# #鱼豆腐# #鸳鸯火锅# #菠菜# #肉卷# #冬瓜片# #牛羊肉# #娃娃菜# #秘制蘸料# #油菜# #金针菇#
198,不错，不错真的挺好的，调料挺好吃的。
199,很喜欢，下次还来哈哈😄
200,味道不错，套餐里的菜品肯定是不够俩人吃的，就得额外点。最后套餐20，又多花七十多😂，环境也还好，就是水果没有，不知是不是晚上去的原因
201,虾滑是特色服务透明度高总体不错 #特色虾仁滑#
202,超实惠，店里还有烤串和烤饼，一开始要了一点尝一下没想到超好吃，本想加些烧烤的，可是去晚了工作人员吃午餐了，下次去一定多点些！
203,个别工作人员服务态度差，导致心情不好。
204,两个人吃的很饱，菜都很新鲜，非常实惠
205,味道很不错，孩子很喜欢吃，还会继续光顾！
206,服务的帅哥不但人帅，服务也热情，菜品量足味道也超级棒。两个人都吃不完哦，还会再来
207,一般一般油炸食物也不会影响孩子
208,很好，跟同学一起去吃的，便宜实惠，两个人也能吃饱，菜量挺足的
209,味道一般吧，还可以 的，但是菜量真的是 特别少，一盘肉不到十片，羊肉下锅就碎，都是合成的羊肉，口感还不好，没有鸭血，也不说一声，就给我们从菜单去掉了，我吃了一半才发现，结果给换了一份山药，8片山药，12块钱，这价格，真的想掀桌子了 ，点了份四宝，一个半小时不上，催了一百多遍，真的是服了，我们想退，店员说不能退，不吃可以打包带走，呵呵，美团评分百分之百是买的，不会再来第二次，建议没来过的也不要来了，谢谢
210,服务员很热情，尤其是门口的美女。菜品口味可以。
211,"服务特别差！1、麻酱没有了我叫服务员说再来点麻酱吧，服务员说好马上,等了十分钟后再次催促说他们家的麻酱要现调在等待十五分钟吧。？？？你们家现调一调半个小时看见没有了不能提前调点吗？最后围了一群顾客在等麻酱。2、要的双人餐再加的别的东西，一直等最后全吃完了吃饱了加的东西也没上，面条催了又催一直到关火了跟他说不要了退款吧，被告知美团的不能退马上上...3、锅里没汤了让加汤说知道了然后就没然后了……锅最后都干了叫来服务员说再不加水锅干了这才给加的水，给辣锅也加的番茄汤？最后把水壶的锅盖给掉进番茄锅里了……我也是真的服气了。吃了顿饭上了一肚子火，坎爷的老顾客了以后转战味蜀吾吧……"
212,服务态度一般 价格堪比海底捞 服务差太多 特别一个微胖的女服务员 还有点的牛肉盘子上空余的部分竟然可以放一个盘子再发一包方便面 真是独特的上菜方式 味道也一般…表示基本不会再去…………
213,从来不写美团评论 不好意思这次爆炸生气 进门快20分钟 比我们来的晚的桌锅底都上了 我们的还没来 找了一堆不同的服务员问了好几遍 根本没人接茬 最后好不容易来个人接茬了 结果又给别人上锅底去了 一个火锅店锅底最后上还这么慢 吃生的吗朋友 没有扒瞎 菜都快上齐了还没锅底 见图
214,去了好几次了。喜欢吃他家的番茄锅，喜欢吃虾滑。朋友都说服务不错。菜品也很新鲜。
215,挺好的，就是价格有点贵，菜品份量挺少的
216,服务不行，差很多，筷子小料都没给最开始。还要别人说才一遍一遍去拿
217,服务态度很一般 勺子掉到地上就捡起来放到桌子上了 也没有说给刷一下
218,非常喜欢，环境不错服务好价格便宜
219,店家挺好的，签子有点黑，其他都不错。
220,环境特别好，东西干净口味很好，大姐特别热情，每次必来的一家
221,超级合算 老板娘人很好啦
222,真的吃到想吐 非常合算了
223,位置在万达金街最南面第一个扶梯上去之后回头一看就看得到，老板娘给人一种很亲切的感觉，他们家的自制牛肉酱也是很好吃，酱料我觉得怎么调都好吃，然后食材也挺新鲜的，东西种类挺多的，价格算是中等价格，很喜欢。已经推荐给朋友
224,在万达金街二楼，是被大喇叭广播才注意到的，，感觉还不错啦，老板娘很热情，真的很热情，服务很好。建议可以多钟口味。里面有好多是我在外面迟小火锅没吃到的，而且每一种食材都写了名字，感觉好好玩呀，光顾着吃了没有拍照片，哈哈哈，
225,感觉一般般，点了一个清汤一个红汤，感觉清汤就是白水，红汤也不辣。
226,还不错，去的晚了菜品不多…环境没有万达其它店铺精致
227,口味好的，
228,老顾客经常去吃 姐姐风趣幽默很有意思
229,我们一家都喜欢蕃茄味和酸菜味的，小菜也好吃，店里很干净。
230,和朋友一起去吃的，青椒味道和鲜椒味，一个麻一个辣，很不错呢！老板娘还是那么美丽，麻汁超级香很正宗，包括各种料，感觉人家在用心做事。，好脾气她家的小菜杠杠滴好吃，我朋友吃了一盘豆皮，人家又给了一盘，特别好，笑意盈盈，上菜也快！哈哈，到最后没吃完，把菜打包回来了，亲们可以去吃，真的挺好！我就希望清江鱼再便宜一点就好了。下次还去，吃鱼很健康，海阳的鱼店我基本都去过，渔湾码头挺得我心！
231,好好吃(✪▽✪)我们宿舍四个人去吃的，饱饱的，环境也很好，那是老板娘嘛，态度很好长的很好看哦！奶思的一天！
232,老板娘确实挺漂亮，鱼锅也确实好吃。酸菜锅底推荐～～
233,好吃呀呀
234,老板娘还是那么漂亮热情，味道很好，推荐番茄味，汤很好喝，酸菜就算了，个人觉得有点油腻
235,味道一般，鲜椒的也不麻，番茄的是用的酱包应该，煮到最后鱼肉的颜色都变了。
236,味道很好，老板娘也很好
237,好吃是好吃，什么时候清江鱼能再便宜点就好了！
238,说实话真的好吃，鱼很新鲜，吃鱼我的口味还是很挑的
239,我是双侠记的回头客了，店内干净卫生，服务态度，菜品一如既往nice，最爱它的雪花肥牛，自选小料和乌鸡肉卷，肉质鲜嫩爽滑加上正宗的川味锅底香辣刺激难以自拔，参与美团合适服务却一点不变，以后还要介绍好朋友都来，吃火锅选双侠记就对了 #至尊雪花牛肉# #自选蘸料# #麻辣牛肉# #乌鸡卷#
240,菜品都很新鲜 挺好吃 下次还来 哈哈哈
241,奔驰锅太好吃了8爱上了 下次还来啊啊啊啊啊
242,菜是不错，可结账的时候给结了18瓶啤酒，多结了两瓶，当时没在意，回来以后才看到，不应该出现这样的问题的
243,用券挺合算的，不用券有点太贵了
244,肉的质量特别棒，干净卫生，服务热情，下次还会继续光顾 #奔驰锅# #内蒙羔羊肉# #高钙羊肉# #乌鸡卷# #龙利鱼# #麻辣牛肉# #鲜鸭肠# #至尊雪花牛肉#
245,不错，味道可以
246,服务很周到很热情，锅底也没有很油腻，好评 #鱼咬羊# #自选蘸料# #鸳鸯锅# #至尊雪花牛肉# #白菜心# #手工切面#
247,哥们们吃的很高兴
248,吃了那么多那么多家的火锅，第一次2岁小孩还要收自助小料钱！
249,待带着孩子去吃的，味道很好，去吃了好几次，没吃完的打包了！
250,还行吧。两个人能吃的挺饱的肉文也挺多的。还没吃完。土豆也好吃
251,味道不错，和朋友去吃的。两人吃的很饱
252,还不错，给的量挺足的，牛肉味道也不错，一大锅吃的很饱，就是葱花和香菜居然收费实在是难以理解，一碗2块，就一小碗，麻汁也收费，隐形消费挺招人烦的。
253,好吃好吃，爱吃，胃口好的时候能吃一个大锅的哈哈哈
254,特别喜欢来这里吃，各方面都超级赞，强烈推荐
255,不错
256,肉木有几乎大差特差下次不步3操
257,点的小锅给上的大锅，你家是穷的没钱挣了吗？用这样的方式欺骗消费者
258,味道很不错，特别满意，老板人很好！推荐大家去吃，鱼都是现杀的，很新鲜！
259,三人吃的好好！
260,他家麻汁味挺好的 实惠 老板很热情
261,口味挺好。 #花生米# #酸菜# #手擀面# #鲤鱼锅# #土豆# #茼蒿# #大白菜# #蒜泥香油#
262,#鲤鱼锅# #羊肉# #手擀面# #酸菜# #花生米# #豆腐# #茼蒿# #土豆# #大白菜# #火锅鱼# #鱼锅鱼肉# #蒜泥香油# #苦瓜#
263,又来了。好就是好吃。反正吃鱼锅海阳这家最好吃。还实惠量大。每次去吃人都挺多的，嘿嘿
264,多次来了嘿嘿。人不ra少哈。觉得这是海阳最好吃的一家鱼锅了。分量还大。嘻嘻
265,老板很热情去了很多次了 十分好吃
266,菜品，服务都还可以，比较实惠。服务态度也可以
267,挺清淡的，味道可以！汤不错嘿嘿好吃😊
268,汤很不错，应该是鸡汤，鱼肉片的很刨、很嫩，但是个别片是有刺的，给宝宝吃的要注意啦，鱼肉涮三、五秒就行了。不过套餐里那个白菜也不知道是个啥白菜，吐槽一下，一点叶都没有😂我们一家三口饭量不大，这些够吃，鱼料不错，总体上来讲挺不错的，推荐，哦忘记说了那个拌豆腐皮挺好吃的 #招牌斑鱼# #龙继招牌锅底（大）# #干拌豆腐丝# #招牌蘸料#
269,强烈推荐鱼汤，斑鱼片，拌鱼皮口味非常好 #招牌斑鱼# #干拌豆腐丝# #龙继招牌锅底（大）# #招牌蘸料#
270,菜的口味很满意 但是服务员的态度很不满意 跟服务员说帮忙加汤 叫了好几个人都没人搭理 这个服务态度需要改进阿
271,味道不错，就是数量太少了，在烟台的龙继，套餐里就有鱼皮了，这边还要单点，烟台的套餐里还有肥牛或者虾，这边就没有
272,服务差，我们三个人去，服务员让我们去侧面的桌，又进来了三个人，服务员把他们往中间领，说那边暖和坐那边。真无语，用美团态度就不好。但是美女老板还是很好的
273,环境好服务好用餐愉快感谢下次还会再来的好好好好好好好好好好好好好哈哈哈哈哈哈哈哈哈哈哈哈哈哈哈哈哈哈哈哈哈哈哈哈哈哈哈哈哈哈哈哈哈哈哈哈哈哈哈哈哈哈哈哈哈哈哈哈哈哈哈哈哈哈哈哈哈哈哈哈哈哈哈哈哈哈哈哈 #招牌斑鱼# #招牌蘸料#
274,非常好，环境优雅，菜品精致，值得推荐！ #招牌斑鱼# #龙继香酥鱼条#
275,一如既往的喜欢！！！强烈推荐
276,环境好，味道棒下次还去
277,四人餐，丰富！强推！ #精品肥羊卷# #乌鸡# #鸭血#
278,别有洞天♞
279,超级好吃。蔬菜啊，肉啊，豆腐啥的都超级新鲜。很喜欢这家店，以后会常来的！
280,没有上一次好吃了，肉都老了，小料也感觉很难吃…
281,好好好好好好好好好好好好好好好好好好好好好好好好 #羊肉# #猪肉卷# #精品肥羊卷# #手工面# #菌类拼盘# #扇贝# #麻汁# #鱼片#
282,服务蛮好的 后面还有供观赏的鱼 想吃火锅的阔以考虑来吃还挺便宜
283,非常干净美味，服务也不错
284,很喜欢
285,地方不好找，口味不错两个人吃正好
286,没喝酒三人消费了400，比以前差太远了。
287,羊蝎子全是小碎块 羊排肥肉太多。
288,环境不错，味道也还不错！！！！
289,三个人吃的四人餐，没觉得撑，还可以吧
290,糖醋蒜都有坏的，羊蝎子都臭了吃完了就不舒服。点菜区看着就很脏，再也不去了。除了服务态度好没别的了
291,味道还行 不错 菜也有营养 下次再来
292,只有双人餐和四人餐，所以我们三个人吃四人餐还是足够的，肉味很好，服务周到，满意！
293,不错，好吃
294,一般般东西不是很便宜但是用料质量不错
295,挺好吃的，我记得以前去他家的时候人挺多的，现在不知道咋了，人不多了
296,两个人的套餐，都吃不完，最后吃撑了，还没有吃完，剩下了好多菜品没吃完，早知道就不点这么多了。 #木桶牛蛙锅# #金针菇# #巴蜀麻辣锅底# #蘸料# #土豆片# #牛蛙滋滋锅#
297,辣辣的非常不错，环境也不错！实惠的不要不要滴！
298,真的好棒啊，汤的味道美美的，冬天吃真的很满足，鸡肉是跑山鸡，特筋道，菜品也特别足，很新鲜，强烈推荐撒尿牛肉丸，味道超鲜，带朋友过来的，环境也很棒，美女店主服务真的很贴心啊，老板服务也很热情，下次过来再吃鱼！棒棒哒（忽略吃的只剩桶底的图片） #跑山鸡# #丸类荤菜# #脆皮蛋卷# #鱼籽烧# #清江鱼# #木桶鱼# #滋补猪筒骨# #鲜花椒椒麻# #鲜椒鸡# #黑鮰鱼#
299,味道一般，鱼份量少，主要吃配的丸子，性价比不高。
300,有的女服务员的态度不好  还得看她脸色
301,只有环境还可以，饭菜不好，木桶很容易滋生细菌！虾又小，肉又不够新鲜，全部粘在了虾皮上，服务员不说明原由，一直提醒说放的东西太多了，我自己吃饭，要你管我放多放少吗？
302,美团上写的有自助蘸料➕水果，没有水果，服务员说没有水果也不能适当增加别的东西，说美团的水果去不了，进店一开始也没有告知，实在欺骗消费者，配菜豆腐不推荐，像豆腐渣，夹不起来，不会再来
303,好好好不用等 #木桶鱼# #木桶虾#
304,服务员的态度非常好，上菜速度也很快
305,五星好评！我们四个人都没吃完。菜品口感很好！酸菜鱼不是特别辣。推荐这家！
306,挺好吃的，菜量很足，4个人吃的，没吃了
307,强烈推荐哦 女老板特别热情。服务态度特别好  40多的酸菜鱼特别多。而且还好吃😋而且我们一点多来的 老板不下班还接待我们
308,菜量大，环境好，服务态度不错，
309,烤鱼很棒，都是现杀现烤的，什锦豆花我一口气喝了三碗，强烈推荐
310,口味不错，好多人，亏了去的早，后面好多都没有座位了，很好吃，要的风味茄子，挺好吃，吃完茄子，都没有肚子再吃鱼了，真的很不错，两个人根本吃不了，连我这么能吃的都有剩，而且美团真的很实惠，强力推荐！还会再去光顾的！ #风味茄子# #酸菜鱼#
311,老葱丝大刀口，鸡肉大的大小的小，一股说不上的油味，和上次朋友定的比，明显不如以前。
312,要的麻辣鱼，给我做成酸菜鱼，量太少，味道也不一样了，不如在店里吃多
313,很好吃，两个人正好，尤其风味茄子真的很赞。超好！
314,挺好，酸菜鱼，价格美丽，口味很好。 #酸菜鱼# #米饭#
315,菜品一如既往的好，吃了这么多回了个人感觉比大海阳的服务和口味都更胜一筹，尤其是小哥哥和小姐姐，总是一次一次的帮忙撇沫，临走时也有小哥哥帮忙开门并致送语，会继续光顾的。 #凉菜泡椒鱼皮# #斑鱼片# #招牌斑鱼# #鱼汤#
316,本来好端端的一顿饭，因为手机的一张照片～变的好沉重，锅还是哪个锅就是心情变了，烫的味道也变了，整个人都不好了，鱼皮的味道也不一样了，小哥说换了凉菜间的厨师，诶～
317,无敌好吃。 #土豆片#
318,东西很多，两个女生吃不完的，好吃得。鱼汤很鲜美，鱼肉很薄
319,味道还好，性价比不高，有些贵。鱼还不是斑鱼。
320,上菜很快，菜品分量足，味道好，鱼汤很鲜，两个人吃得饱饱的，服务员服务很到位，加汤撤空盘撇沫儿都很及时，好评👍🏻
321,很好吃，味道不错
322,很好吃，鱼很新鲜
323,很干净，很好吃
324,很好吃，经常来吃
325,味道挺好，量也足，推荐大家去吃。就是有个大嗓门的女服务员说话是真难听，造成了我在整个用餐过程中的唯一不愉快。
326,不错，吃了好几次，中午的时候都爆满
327,不错(*๓´╰╯`๓)♡
328,服务的阿姨很热情，美女老板也很不错，多要了一份麻汁，老板说不用算了😁最最重要的是鱼好吃😊，下次还会再去滴。祝生意兴隆！
329,非常不错
330,还行吧，相对来说还算实惠，可以尝试
331,老板娘人挺好，关键是菜品很好！建议品尝
332,还可以凑合吧凑不够了。。。。，。
333,一个月来了三次了，真的挺不错
334,鱼的味道很不错！每次周末都惦记着来！
335,还是一如既往的好，前台负责点餐的妹妹很负责责任，热情介绍你适合的套餐，几个人吃多少非常好，一点不浪费，服务员小伙非常热情，服务很好，套餐很划算，下次还会去的，大大的赞！ #绿色畅优烤肉# #新西兰羊排肉# #钻石羊肉# #鼎盛肥牛# #虾丸# #金钻羊腿肉#
336,如果很多次，服务好，环境好，好吃
337,便宜，经常去，服务好，
338,比较实惠，两人份，三人吃，很饱
339,菜品还是很不错，价格也合算，环境还很优雅，而且服务态度很好，好评！
340,环境不错，东西很丰富，五个人吃，足够
341,菜品新鲜，花样多，份量大服务好，超值
342,#原味豆浆# #钻石羊肉# #麻汁#
343,服务周到
344,女儿过生日去的，送了长寿面和芭比娃娃，真好！
345,很好吃，下次还来
346,来过好多次了，味道不错，服务嘛，值这个价
347,挺好的，现在莱山羊蝎子火锅没有太好吃的，这家味道不错
348,味道还不错，位置也不错，挺好的，还会再去
349,因为是夏天去吃的，吃完有点小热，吃这种锅就应该冬天飘着雪花吃更有味道，味道不错，老回头客了，图片忘记拍了，图片是竹妃纸巾，百分百竹浆食品级纸巾，为了保护环境做一点绵薄之力，看到的朋友可以关注，了解一下。
350,东西挺多，离家近！味道也不错，老板人热情！
351,很不糙
352,很不错，在莱山待了三年了，经常去这家店，很好吃
353,不错，好评
354,口味很好、属于我们这一带的特色
355,陪着老爸来过好多次了，这是他老人家最喜欢吃涮羊肉的地方，好的环境和喜欢的菜品，美女帅哥们服务态度热情周到，给他们点个赞，五分
356,来过很多次了，环境优美服务到位，5分
357,味道一般，服务一般，总体来说还是比较失望的。
358,希望店家继续努力！不要松懈！赶超海底捞！
359,老客户了。。。很好这里，我喜欢带朋友来
360,很好，希望再接再厉！不要松懈！非常好的体验
361,很好 服务也满意
362,初来烟台，在美团附近找到的火锅店，看评论不错就过去了，团的两人餐，我和我对象吃，完全够了，环境也还不错，还有免费的小菜，水果和饮料，我是孕妇，比较爱吃小咸菜里面的酸萝卜片，饮料味道一般吧，唯一想吐槽的是，餐前的热毛巾，我以为团购里都带着，吃饭前就验证了二维码，吃完就站起来走了，服务员又跑出来追要8元毛巾费，着实很尴尬，谁都不差那8块，希望您在顾客使用前告诉一声，或者结账前说一下都可以的了。
363,环境好服务好蔬菜新鲜，已经过来很多回了，服务员热情周到，五分
364,来过很多次了，是吃涮羊肉放心的地方，环境不错服务周到，五分
365,啊……这个是离开招远之后最念念不忘的味道了 #虾滑# #辣锅# #番茄锅底#
366,还是那么带劲～ #深海大虾# #麻汁# #牛羊肉# #鸭肠# #豆腐# #水果罐头# #土豆片# #丸子#
367,算是自助吗，都是老板给送7上来，吃完了你要什么再给你上什么不如自己拿着方便
368,味道一般，种类少很多不全，不是很喜欢
369,一直都会去的火锅，环境出品都不错的～
370,很好吃，经常去吃～
371,服务超好 肉强烈推荐
372,还行吧不如以前了15151515
373,不错的，自助餐～～～环境蛮好的都很好哒
374,提几点意见跟有感而发吧，首先，真的大大不如从前了，从开业就是忠实顾客，以前的麻辣锅底，又麻又辣又香去晚了都没有，现在就是一股现成的火锅底料红九九的味道，火锅吃的就是麻汁味，现在麻汁越来越稀，一点味道也没有，需要自己调，而且稀释的已经没有麻汁味，以前都是特别厚的那种，自助的饮料也没有了，    现在去的人也没有以前那么多了，不知道店家怎么想的。  不同意我说的可辩，希望等下次去吃的时候可以是以前的味道！
375,和小伙伴一起吃的芝士年糕的，很喜欢，份量适中，我们两位女生刚好够，不会浪费，环境也不错，靠近旅游景点，靠近海边，吃完了还可以溜达溜达，下次继续打卡
376,常客了，自从店家换了位置，环境特别好，味道一如既往的好！
377,火锅很好吃！强烈推荐！两个女生吃的饱饱的！下次继续光顾 #芝士年糕火锅# #酸梅汁#
378,味道还不错就是俩人可能容易吃不饱
379,服务超级好
380,年糕还是很好吃！这季节海风吹的冷嗖嗖，吃点热乎乎年糕火锅很舒服！
381,回头客了，经常过来吃他家的部队锅，很好吃，量多便宜
382,特别便宜，口味可以，就是地方比较偏僻
383,挺好的，环境好
384,还可以，给五星吧，毕竟做生意都不容易。我觉得挺好吃的。但是！老板，您的服务如果能好点，热情点，哪怕有一丝的微笑，就更好了
385,非常实惠，口味也很好，量足，推荐购买
386,量特别多，性价比高，肉串好吃。。。。
387,真不强味一般量还少 可能是美团不赚钱不爱卖吧 再不去了
388,牛排火锅说是小锅只有六块牛排，还有两块没肉，真心不想说什么了，吃了一肚子的气最后还没有吃饱，两块小方便面，一盘青菜，都没有吃饱，出门又去吃了其他东西，只想说搞不起活动就别搞，再不会来了，可能店家小锅本来就是五块牛排吧，也是我们期望值太高，太差了！
389,确实很实惠，四人餐吃不了。
390,味道还不错，牛排有点硬，包子很好吃
391,东西很少，一点都不好，很差，不建议去
392,满意
393,菜口味不错，份量足，实惠，回头客较多，不错
394,水味道很大 有一股药沫子味！根本没法喝！牛杂汤不错！点了两瓶啤酒16感觉有点贵！
395,四个人吃，分量特别足，还剩了好多，晚上又吃了一顿，味道也特别好，店家服务也很热情，照顾的很好，吃的很开心
396,太棒了，口味很好，特列是紫菜汤，老板很热情，服务态度超好，离家近，还实惠，口味适合我们北方人，大爱，赞一个！！！！！！！！！！！！！！！！！！！！！！！！！
397,全鱼宴真心不错，很新鲜，份量足，口味不错
398,还不错，喜欢的朋友抓紧了，尤其风味茄子。
399,味道不错
400,以前经常去他家吃饭，团了很多次，这次实在太失望了，加了一个爆炒螺丝，吃10个8个是坏的，以后再也不去了，换老板了买卖干的大不如以前了
401,从龙口来招远玩，中午定在这里吃饭。菜量很大，团购了一个四人餐，两个大人一个小孩吃不完。菜的味道也不错，干炸里脊很酥脆，杂粮包很香，紫菜蛋花汤很鲜美。环境也不错，店家很贴心的给了包间，中式屏风那种。总之体验不错，希望卖家生意兴隆。
402,陪爷爷奶奶来吃的，丰盛，很满意！
403,菜的口味很好，上菜也很快，服务小哥很热情，今天过生日还送了长寿面，特别感谢，以后肯定会常来 #锅包肉# #拉皮# #玉米粒# #杭椒肉夹馍# #辣炒花蛤# #凉拌豆腐皮# #盐水虾# #中华鲟# #黄瓜丝# #紫菜蛋花汤# #杂粮包# #黑椒牛肉# #小牛肉# #菠菜拌粉丝# #千页豆腐# #葱油饼#
404,口味非常好
405,挺好的，去了好多次了羊蝎子好吃干净卫生健康。羊肉还没有羊腥味。强烈推荐
406,环境一般，口味不错，可以来尝试一下
407,味道很不错，肉很嫩呢。以后还要来
408,态度特别差，特别不满意，为了10块钱，脸拉的跟死人一样！谁差那10块钱，味道也不好，以后在也不来了，坑人的店，不能去！
409,味道很好，菜品少一些，只能用一张代金劵！3个人去的，还是很好吃！ #京味锅# #羊排# #面筋#
410,点的京味锅，量很足，两个人吃够了，汤也很鲜美，好评，还会再来的😃😃😃
411,菜很新鲜，干净，味道也很好～老板娘人美也周到，用了优惠券，最后结账又给抹零了～
412,品质还可以吧，有点小贵。嘻嘻嘻
413,一般、真的太一般了、没有好吃的
414,不团就用不了！团了以后打电话才可以
415,真心不错，4人都能吃饱了，不错可以安个人口味 #鸡蛋手擀面#
416,大虾非常入味，色香味俱全。尝试了半份菜品，量也很足。晚上有歌手驻唱，唱歌、笛子样样精通。服务员推荐的菜品都很合口味。晚上去人比较多。 #肉多多午餐肉# #猪皮肉冻# #阿田牛蛙爱上虾大锅# #北极虾# #四川大片毛肚# #肉品组合# #百香果汁# #韩式蟹柳# #鳕鱼芝士包#
417,6点去的，人不少，我们4个人点了个套餐又单点了一份肉一份甜品一瓶酒，，味道还不错，口水鸡有点腻，花蛤是现加热的，大虾量也挺足，服务也挺好的，还有驻唱歌手，而且吃完虾还可以涮火锅，不错，推荐蓝莓山药哦！ #蓝莓山药泥# #阿田大虾中锅#
418,阿田大虾刚上的新品，样样都很赞👍  口水鸡光看就流口水了，北极虾也很鲜，蟹柳、鱼籽福袋、海胆仙桃、午餐肉味咬一口下去，让人舍不得放下筷子。现在还可以点半份的菜品了，非常人性化，花很少的钱，品尝多样菜。
419,这次去，菜里一根头发也没有，还是比较满意。
420,这次去菜里终于没了头发。。。。
421,菜的味道还不错就是量太少，我们俩人吃了四人餐
422,特别适合我的口味，很喜欢下次再来！
423,喜欢吃虾，总是去，吃不够，面条也很好吃
424,口味一般，菜品太贵，分量不足，太少了，178的套餐才几份菜
425,菜品种还可以热菜凉拌菜味道不错有机会再来
426,有蟑螂到处爬，再也不会去了，卫生状况堪忧
427,中午去的，人不是很多，很安静；店里很干净，服务员服务态度也很好，一会儿就来收拾空盘和垃圾，也及时的给添汤；菜品不是很多，但是两个人吃种类也是足够了，就是海鲜有点不是很新鲜，不过吃不了多少，无所谓啦；环境不错，不喜欢太吵的，推荐来哦
428,比较实惠
429,菜品少，比较喜欢这里的麻汁，服务一般
430,卫生不好，包厢里有蟑螂，味道一般
431,还不错
432,熟菜口味不错，蔬菜也新鲜，希望水果种类多一些，肉片种类不少，
433,还可以，还可以不错，干净卫生，安静整洁
434,挺好的，海鲜挺新鲜，下次还会去光临
435,老顾客了，菜品挺丰富的。只是价格较两年前贵了好多。
436,挺好的，离家近，适合下班先来暖和暖和，环境一般
437,五大两小吃得不错，对我们来说菜量足够
438,小贵，但是味道不错！
439,汤好鲜，不过真的好热啊，空调都不凉。
440,每过一段时间就会去吃一次
441,有特色，服务好，好吃
442,味道不错，整体比较满意，也算是老店了
443,还可以😄就是没有以前套餐实惠了，现在套餐价格贵了不少啊！
444,鱼特别好吃
445,停车很方便，环境特别好，干净整洁，老板娘服务特别好，热心询问要不要加汤什么的，要的鸳鸯锅，上菜很快，不需要等很久，鱼片很薄很薄，师傅真是好刀工，鱼肉很鲜，麻汁超级好吃，种类很多自己调配，菜分量很足，两个人没吃完，会回购的。 #斑鱼# #麻汁# #花蛤#
446,不错不错味道好极啦
447,#斑鱼# #麻汁# #一鱼两吃#
448,邻居，一直很满意
449,非常好，鱼很鲜，菜量大
450,挺好，环境不错，口味超棒！下次还会光临，服务也很好
451,已经是N次去吃了，味道还是一如既往地好吃，环境整洁，服务好。
452,挺好的，俩人吃正好，量挺足的，第二次来了。
453,就佩服人家的刀工，怎么把鱼片的那么薄，个人比较爱吃清淡点的，符合我的口味
454,不错不错，肉很新鲜，很嫩，口味也不错，以后还会再来的，而且美团真的很实惠呀。
455,前一天打电话问美团下的单给不给开发票，说能，第二天吃完就不给开，只给开加钱的部分，单位聚餐，不开发票不给报销，这给气的，多少钱就给开多少钱的，一分不给多开，真是……建议要开发票的慎重
456,很不错呀 福山区我最喜欢的一家火锅店 吃老城家有种在老城的感觉 这家火锅店是我们老福山火锅的标志之一了
457,来了7   8次了   就是没有服务员  也可能是团购的人家不爱伺候
458,6个人花了500，团购了一个6人餐又花了270现金全都吃完了，没剩下。感觉有点贵。菜量也很少
459,一如既往的好，强烈推荐，口也不错，就是量少点，四个人，点四人餐，还得再点一些。
460,口味可以，就是菜品量不太足，点的6人餐，我们去了4个大人加一个孩子，菜都不够，又加的菜。。
461,血，特别膳，量少，觉得味道一般，不是很实惠
462,#羊肉丸# #美肥# #羊排肉#
463,老式火锅，味道还不错。吃的很热乎
464,服务态度很好，口味合适，环境合适。
465,鱼很新鲜，饼子超级好吃
466,超级好，服务热情，吃的实惠便宜，冬天首选
467,非常好！！！！可以多来看看
468,经常来这里吃  时间长了不来还挺想的  老板人也特别好 喜欢喜欢
469,不适合个人口味
470,总体还可以吧
471,实惠  好吃  已经来过四五次了！
472,还不错，，，，就是屋子太小了，在大点就好了
473,口味好，有农家菜的感觉
474,不好吃 不好吃 不好吃 不好吃 没味 打扰了
475,吃得很饱，将足，两个人吃不了
476,#青菜# #澳洲肥牛# #酸梅汤#
477,还可以吧，6个人吃的，不够吃又要的别的
478,还不错，环境挺好的，安静舒服。
479,不错，口味可以，服务也挺好的
480,剋的不错，很好
481,超级好吃 份量非常足 服务态度超级好 喜欢那个小姐姐 想的非常周到 安排的超级超级棒 强烈推荐👍
482,我真的很纳闷，为什么差距这么大，还记得以前特别喜欢在你们店里聚餐，因为离得近，从刚开业就在这里吃，那时候好像还不是在网上订，可是这次来了后我觉得以后没有必要来了，楼上楼下空空的没有一个人可是我点的菜愣是等了快一个小时，才给我上了一个凉菜！拍黄瓜！套餐里有一个发面饼，可是上来的是什么，见过剩了一顿重新热了一下的馒头吗，就那样！再说一下等了一个半小时最期待的小龙虾，呵呵，我和对象一人5只总共十只，我就想问问，普通小龙虾也就20克一只，吃的时候还不是肥的，什么小龙虾你能算成十只就一斤？！！你们厨师是把菜汤也算上了吗？最后说一下有一个好名字的养生汤！你是把苞米稀饭里撒了一把碱还是加上苦瓜汁了？找阿姨一说，得到的回答是，“那我给你们稀饭里加点水”，我说你给我换一碗，她竟然很夸张的对我阴阳怪气的说，那怎么行！老板会扣我钱的！原来是你家管事的不在所以你才这样待客吗。。我挺佩服的！我说那行  也不用加水了，我不吃了  你给我倒壶水，太苦了我要漱口，她说啥，说我们这里没有水，如果要现烧。。这就是这一顿饭吃到的糟心经历。
483,就是小菜忘给上了，菜份量很足，整体说还是不错的
484,味道好，地道的莱州火锅，很实惠，4个人吃到撑。 #海捕冰鲜虾# #赤贝# #麻汁# #蛤蜊# #笔管鱼#
485,不错，海鲜都新鲜，平常不是美团也在他家吃，没有什么区别，不像老曲农家饭因为是美团给上些臭鱼烂虾的，以后还会光顾的，光顾着吃了没拍照片
486,东西挺多，味道也可以，海鲜挺鲜的，
487,环境不错，周六中午不到12点去的，生意不错，不过还有位置不用等位，美团的四人餐，不用现点菜，只等上菜就开吃。上菜还挺快的，四个大人带一岁多的宝宝菜量基本够吃，最后我额外又点了份手擀面（火锅我爱吃手擀面…），服务员经常过来给收盘子，大衣给贴心套上袋子隔味，好评
488,特别好吃，四个人吃的饱饱的都还剩
489,【口味因为是美团团的海鲜多而且海鲜都挺鲜，老醋花生很好吃，调料的口味不是很好麻汁发苦希望可以改进环境还是挺不错的门口的保安大哥挺好的看我们再找车位马上给我们指引，上菜挺快的，向服务员要点水也没给，给不给来句痛快话问了以后也不说给也不说不给总之服务不是太满意没有等位子 #蔬菜# #海虾# #扇贝# #鱼片#
490,还好，四个人吃不完，经常来，服务也挺好的
491,口味还可以，服务员的态度也可以，只有前台的态度不满意，不给开发票，并且不爱搭理人
492,挺不错的，一家5个大人吃的，团了一个200多，又单点了几盆肉和菜，一共300多，比比较划算，口味也挺好。一直去精舞门吃火锅！
493,太坑，这么一点的饮料20元。味道一般
494,菜需要更新鲜一点最好了，麻汁味道不错，服务态度还可以吧，吃饭的时候不需要等确实不错👌
495,上菜很快，现在越来越不行了，服务也差，老板也光看见钱了，俺儿打了一个喝水收我5块钱，不是开饭店的是卖碗的，哈喇也是不新鲜的
496,量挺多的，海鲜也比较新鲜，两个人吃不了
497,吃了几次挺不错的，以前都是赠券，现在都美团了，方便，上菜速度快
498,服务态度差，忘了拍图片了，海鲜拼盘，就几个，菠菜带着根，还有黄叶子，真心很不满意的一次！
499,不错好评好评好评好评
500,都还好
501,上菜快，服务好，菜品丰富，很喜欢
502,态度差，东西不新鲜，菌菇拼盘里面吃出个头发，蛤喇是死的，今天终于体验了一次，出去吃火锅醋还要钱的，我团购的是四人餐去了三个人，两个辣锅一个清汤，辣锅另外又加钱，我也醉了，选择他家需谨慎，
503,环境干净、卫生，份量足，肉类可，调料口味不多。
504,年前去过一次觉得挺好的，这次去了以后感觉后悔了，手工面冻得硬硬的煮出来和粉条一样，没吃，娃娃菜叶子也是黑黑的没动，基本没怎么动，不会再去了。
505,很不错    很喜欢吃   以后还会来的
506,分量不足饮料骗人，海蛎子臭了！
507,去的时候特别冷清，就我们两人在吃，感觉肉不新鲜，饮料味太淡。
508,……。。。。。。干干净净的 挺好的   不错啊
509,单位附近，常来，手切羊肉好吃，
510,去过好几次了 距离医院很近 老板人很好 东西也很实惠 每次去吃完都很撑 东西也很新鲜 好评
511,非常好，方便实惠的，口感也不错
512,好实惠！一大盆！三个女生去吃……就吃了一半，哈哈哈。味道也不错～
513,很满意。买了3次了。 很好吃
514,一直在这里吃~老板娘阿姨很好~~鱼特别鲜，都是现杀现做，超级好吃！分量特别足！反正特！别！棒！
515,每次都是跟爸爸妈妈一起去，分量很足，吃不完，味道超棒！好吃好吃好吃~拉皮也好吃~
516,酸菜鱼也超级好吃 量超级足 特别喜欢吃这家的鱼 特别特别喜欢！鱼很鲜 超级好吃啊 老板娘超级好 👍
517,真的好吃啊，很好吃，我怎么有这么多订单没评价😂😂
518,一般，没有三斤鱼，也就一半得量
519,酸菜鱼口味儿没的说
520,吃的麻辣鱼，分量超级足，跟爸爸妈妈一起吃都吃不上，味道很棒，而且重点是炒肉拉皮也超级好吃！！
521,很好，经常去他家吃，味道正宗，小料很好吃
522,去了多次，希望服务加强，味道还是很好
523,食材很新鲜，味道也不错，加上这句话够十五个字了吧。
524,味道不错，食材很新鲜，加上这句话够十五个字了吧。
525,一直很喜欢这里，有空就来，真的不错
526,去了很多次，态度好，东西新鲜，味道好，一直光顾
527,挺不错的，挺好有机会还可以去。还可以吃
528,味道好，我儿子喜欢吃，以后会经常去！
529,喜欢她家的麻汁，也不知道店家怎么调的，就是比别家的好吃呢。
530,很美味很好吃，去晚了还要等座，生意火爆啊！
531,性价比还是比较高的 ，两个人点个双人餐吃的还行 不过小料还要另付有点不好
532,点一个双人套餐，然后喝点饮料挺饱的。吃了很多次了
533,挺好吃的 吃出了家的味道 再辣点就更好了
534,非常好吃，上大学就经常去吃，很有味道，算是鲁东一个特色店，会经常去
535,第一次去吃，很不错，老板娘的态度很好，很热情
536,挺好吃的，鸭肉很鲜嫩，菜也很丰富，特别适合冬天吃，加汤什么的很及时，服务也热情
537,味道不错，分量也足，土豆好吃，
538,店家服务很好，赞
539,店家服务态度超级好，口味也不错
540,价钱实惠，量足够！
541,在烟台呆了十四天，我来了两次。这不错
542,味道挺好的
543,铜锅 还可以  地方不好找 加油 继续努力
544,真的特别棒，推荐！胖胖的老板娘态度特别好。菜品也很足。推荐！推荐！
545,老板很热情 冬天吃个老火锅简直美滋滋
546,很好吃，服务态度很好，我和朋友两个人吃得很尽兴。推荐前去品尝！ #涮锅# #精品牛肉# #羊肉牛肉# #麻汁# #老火锅#
547,非常满意！老板娘很热情！和男朋友吃的，虽然店里就我俩吃饭，但是感觉很好！好吃！心情也好！还会再去！
548,第一次去口感挺不错的  服务很热情有机会一定再去
549,老顾客了     好吃不贵  服务热情
550,味道挺好的，分量也挺足的
551,面条还是很好吃的，海蛎子很新鲜，想多吃菜的还是可以点这个套餐的
552,不是太满意。环境一般。分量不多，味道还可以
553,吃整体感觉不错，干净整洁，挺实惠的。
554,环境不怎么好，吃的还好吧，肉还是不错的
555,环境差，口味也一般，调料还要花钱…
556,还可以，水饺还是可以的，2个人可以吃饱
557,不错，我们三个人都没吃上，下次还来！！😜😜😜
558,口味佳，环境好，还送了我闺女儿子棒棒糖，美急了。
559,我们吃的套餐 从环境  服务，菜量  味道 都不错非常满意 会经常去吃的。我们吃的套餐 从环境  服务，菜量  味道 都不错非常满意 会经常去吃的我们吃的套餐 从环境  服务，菜量  味道 都不错非常满意 会经常去吃的。我们吃的套餐 从环境  服务，菜量  味道 都不错非常满意 会经常去吃的
560,经济实惠，菜量足，味道也不错，两人吃的饱饱，还打包晚上带到船上吃.特别推荐他家的饺子特别好吃哦！
561,口味不错！
562,非常好吃！！！老板从来不会因为团购而缺斤少两~！老板两口子非常好！！！老顾客，永远支持！！！
563,味道不错，怎么感觉量没有以前的多呀？
564,我把自己吃病了啊  到现在想起来还不舒服
565,怎么说呢，还可以，但是没有烟台的好吃，一般吧
566,终于在黄县找到好吃的羊蝎子了，就是麻汁咸了些，其他都很满意，老板娘的肉肉也很吸引人
567,好评
568,我的人都会说你不知道自己想做的事情……一下这里没有理由对着干了一个小时左右
569,不错，老妈很爱吃，来过几次了。
570,有的菜不太新鲜，去时就我们一桌
571,肉很少   不新鲜   而且很贵  很廉价 下次不会去了
572,大人小孩总共七个人，都吃撑了，最后剩下了四个菜，确实实惠，味道不错，老板实在，祝生意兴隆。
573,超好吃～而且很新鲜～吃了文蛤，超大一个的！特别特别鲜，强力推荐，不吃后悔
574,海鲜处理一下好不好，还有，把冰弄下去，最重要一点，吃完拉肚子，三个人一起拉肚子，肉质有问题，有毒，千万别去
575,超级好吃哈哈哈！比小天鹅好吃了！还很实惠，三个人吃四人份的套餐吃不了。。今天又想次了！
576,环境不错，就是菜品分量有点少，两个人不够吃，后来又点了一份肉和一份蔬菜。
577,还可以吧，有点贵
578,这家店以各种理由不给开发票，逃税漏税情况非常严重，大家如碰上此情况，要积极保护自己的消费权益，向有关税收部门电话投诉。
579,环境还不错 菜量很足 蘸料感觉缺点什么 怎么也调不出想要的味道来
580,贵，不合算，菜品还算新鲜，不会再去
581,非常不错，环境干净卫生，服务周到
582,这家店整体不错，菜品实惠味道好~~~~性价比高，餐厅环境很好，给人很舒服，老板态度也很好很贴心，这些吃的，都吃多了下次还要来这家店，实在是性价比太高了，人气也高，团下时心里还觉得一个价钱不知道怎么样，结果是感觉比想象中令人满意，希望店家多搞活动，下次会再团，
583,满意，服务热情，东西很好吃，很棒！
584,服务热情，味道赞，价格实惠，体验好，菜品丰富
585,口味真好，蔬菜海鲜挺新鲜的，环境还挺好，特别大姐人长的还漂亮，服务态度好，下次还再来，请朋友吃饭就订这了
586,每次想吃火锅了，首先想到的都是这家，品种多，价格便宜，最主要的是干净，环境好，带几个朋友来真的非常不错。
587,经济实惠，环境好，口味好，蘸料老香了，菜品全老板人也好，下回还去
588,真的是不想说什么了 太垃圾了 相当垃圾 两个人消费了120块钱 有点儿蒙圈 都没吃什么东西 我最爱吃的猪皮跟鸡肝 那都不知道是什么味 太恶心了 本人表示 真心的不会再去了
589,老板服务特别热情 菜品也齐全 经济又实惠 还送了我两张代金劵
590,菜品精致，服务热情，人少想吃火锅就来这里
591,菜品新鲜，就是越吃越咸
592,团购的券是越来越不值了，自打他从永旺一楼搬到二楼，从人山人海到门可罗雀，曾经的双人餐能让两个人吃饱，现在的双人餐一个人吃好，希望能改变改变吧，以前你确实好吃，那是在有性价比的情况下，在同样水平的你确实好吃，消费高了，赶上海底捞了，味道没有改进，就这样吧，对了，美团还不给饮料了，人家在店里单点，竟然比我美团便宜，还送饮料，各位多考虑考虑吧 #麻汁# #羊羔肉# #麻酱#
593,以前也去过，比现在强，鸭爪根本腥的没吃，还有虾滑怎么也不一样了，另一个是香菇鸡肉丸？太难闻了根本没法吃，这两个东西我只吃了一口，超级不愉快的一顿饭
594,还行，美团套餐和店里套餐里的肉品质不同，店里的套餐贵一些，但口味明显好一些。
595,不建议去，还需要另外掏底料餐具钱。套餐里的饮料直接上的白开水。菜的份量份量也少得可怜，而且都不新鲜。不会再去了。
596,量足，两个人吃都没吃完
597,非常好吃，，
598,特别好啊！新品量多了无骨鸭掌好吃！！！
599,旋转小火锅这辈子不会再吃了，饿死也不吃了
600,味道还行吧，菜品不少，服务也很到位，我和朋友喝了一下午爽
601,不错不错，味道好极了。老板人很好。 #鸳鸯锅# #肥羊# #鱼豆腐# #茼蒿# #麻酱# #鸭血#
602,特别好  吃了好几次了  很实惠哦
603,不是那种自助！需要你跟老板要，要的多就不好意思了
604,非常好吃，下次还会光临，给个大大的赞
605,…….？？？？？？？？？我的请假就是还可以，可以可以可以可以 #鸳鸯锅#
606,吃完拉肚子，菜品不太卫生，肠胃不太好的慎重。
607,我们宿舍几乎每周聚餐都是来这里，它比较实惠，很适合学生
608,性价比除了调料之外，其他还可以，调料是有点坑。
609,味道不错。女生够吃。男生的话估计还要单点才够
610,没毛病，字有点多了打不了那么多
611,进店需要上二楼，有股澡堂味。。。左手边两个男厕所。。。开吃。先说鱼，鱼还可以，挺新鲜，鱼片挺薄的，口感也不错，第一锅鱼汤的鲜味还是有的。可是随后的羊肉就有点过分了，团购的羊肉入水都不变色，入口无羊肉味。。。点了盘45的手切羊肉，这种手切羊肉也是第一次看见，薄厚不均匀，有筋。。。入水煮，变色就吃，还是很老。菜量比较小，团购的小菜口味还不错。。优点是清净，人少。
612,很好的火锅，老公很喜欢
613,真的很一般……服务态度不好……人也不多了！！！！！！！
614,喜欢吃，经常去，老板还赠送了不少的优惠
615,不错不错，东西挺好，上菜也快，小朋友很爱吃！ #斑鱼#
616,味道还是那个味道，还是不错的，就是上夼这里地方小，装修风格不现代。
617,口味一级棒，服务也很好！
618,之前跟朋友来这家吃的，感觉还不错，今天带爸妈来吃的，店家还不错，我看美团上使用时间是到中午两点，三点才过去吃的，打电话给店家的，店家很痛快的答应了，没想到店家这么好，团购的四人餐，四个人吃不太够，又加了些菜
619,柜台收银员不会操作，每次用美团态度都特别差，说不能用
620,服务态度很差，有个年龄大的大姨，自己不会美团，态度很差劲
621,麻辣烫就吃他家跟张亮的
622,总体不错，味道还可以的，满意满意满意满意
623,水鬼
624,味道还行，服务呵呵
625,一般
626,厨房小哥态度血。。。差
627,还不错，是过生日的时候去的，嗯，主要是产品很多，然后点的菜都比较新鲜，给大家过去尝试。是一个老电脑，嗯，大家。大家可以去尝试一下，他们家的饮品也不错。但是位置也很好找，然后就。就比较显眼，在。在马路边就可以看到。
628,挺好的，不过去单点更便宜
629,可以
630,那个女的态度很差，菜也很一般，最重要的态度差让我们吃的心情很不好
631,量很足  环境也很好  真心不错
632,可能是因为差评太多  不建议美团支付  我要用美团捏个女服务员还瞪我  有什么好装的  ***  以后不会再来  态度极差  出来吃个破饭看见捏个女服务员心情就不好了  丑人多作怪！！！
633,口味好。服务也挺热情的，但是茼蒿的茎有点长了，虾滑不错有特色，在别的地方吃的虾滑都是虾泥，这里的虾滑有完整的虾挺好的好好
634,口味不错，去过很多次。
635,还不错，一般，就是蛤不大新鲜，应该是隔夜的。
636,一直去这家店很好
637,改成蔬菜自助了，不能团购了，比以前贵了点还可以，人多吃可以去。。肉比以前也贵了，但是跟其他火锅店比也还好，加了免费果汁和爆米花冰淇淋。。。。改成蔬菜自助了，不能团购了，比以前贵了点还可以，人多吃可以去。。肉比以前也贵了，但是跟其他火锅店比也还好，加了免费果汁和爆米花冰淇淋。。。。。。。。。。。
638,改成蔬菜自助了，不能团购了，比以前贵了点还可以，人多吃可以去。。改成蔬菜自助了，不能团购了，比以前贵了点还可以，人多吃可以去。。改成蔬菜自助了，不能团购了，比以前贵了点还可以，人多吃可以去。。改成蔬菜自助了，不能团购了，比以前贵了点还可以，人多吃可以去。。
639,口味很好，菜量很足，新鲜，还有免费的冰激凌吃，孩子大人都喜欢
640,人很多，服务态度也不错，以后还会来的，菜品量很足，很满意。
641,好像换老板了吧，感觉不如以前了。
642,自助蔬菜，价格便宜，味道不错，建议去
643,已经好多次来了，离家近方便。环境不错，卫生也比较干净。值得推荐 #内蒙羊肉丸# #海蛎子# #羊血# #自制酸酶汤# #空运毛肚#
644,老顾客了，环境不错卫生服务都挺好给个好评
645,口味很不错来过很多次了
646,服务态度特别好，口味不错！非常棒！
647,我们去了十个人，订的八人餐，本来以为套餐不够还要加菜，饭量都不小，没想到最后居然还剩了一些😂这家店的菜品分量真的是很足很良心，海鲜菜品也特别新鲜，窗外就是沙滩，如果夏天去肯定挺热闹。我们一批人已经是第三次来这里了，每年放假都会来吃一次，都是烟台本地人，也算是老主顾了，如果要吃海鲜火锅的话，推荐来这家尝尝 #鲜龙利鱼片# #活天鹅蛋# #和牛肉# #自制宽粉# #活海参# #活老板鱼# #海参刺身# #刺身拼盘# #活海鲜肉组合# #安康鱼#
648,非常不错，环境好，服务也好，信价比高，推荐上这里来。 #活海鲜肉组合# #安康鱼# #秘制羊腿肉# #饮料自助# #豆浆# #牛肉羊肉# #蘸料# #骨汤锅# #草原肥牛# #鲜安康鱼# #鲜羊肉# #活贝类组合# #金针菇# #冻豆腐#
649,我们十个人，包了三楼的大包厢，整面墙都是落地窗，面朝大海，风景非常好，吃的也很开心，量挺多的，8+2的套餐，10个人吃不完，还剩了好多。
650,环境不错上档次，特意要的靠海的房间，服务态度很好，菜量很大，味道也很好，推荐！
651,口味真的不错，三年来一直吃的这家，服务周到 #秘制羊腿肉# #活海鲜肉组合# #和牛肉# #三文鱼# #饮料自助# #骨汤锅# #草原肥牛# #羊肉滑# #麻汁酱# #干油皮# #午餐肉# #自制手工鲜滑组合# #小油菜# #拌菜# #海参薄切# #刺身拼盘# #鲜羊肉# #黑鱼#
652,服务很好，但是定的4人餐，来了三个人，三个锅底只要了一个辣的还要补4元差价，倒不是几块钱的事！只是让人不舒服剩的一份锅底加调料自助，还抵不了4块差价吗？
653,菜品比原来差远了，海鲜就是简单的，扇贝，海虹，虾，蛤。还是做好的。没有原来的好了。
654,很棒，服务超好，有点海底捞的感觉，菜品也很不错，值得推荐。
655,肉很嫩，服务周到，环境清凉整洁，不错的地方。
656,淡季团购 性价比超级高 环境好服务好
657,很满意
658,虽然距离我们住的地方挺远的 但是听到别人推荐慕名而来的 真的是不枉此行 一进门老板就很热情 服务态度特别好 真的真的真的特别好吃 分量很足 鱼肉外酥里软 我们两个人都吃撑了 还送了一盘豌豆 也别特别好吃 真心推荐 有机会一定会再来的 #石锅鱼# #草鱼# #海带# #金针菇# #木耳# #面条# #菠菜# #微辣锅底#
659,味道还不错，分量也很足，关键是姐很热情，两个人没吃完，要了打包盒，姐也没收钱，赞
660,比之前能稍微差一点点，客人所点的菜品啥的最好不要提前下锅，这样会有很大误会，望改掉
661,#石锅鱼#
662,量挺足的，挺好吃的，
663,这次来人挺多的，服务挺热情
664,真的不错，三个女生吃都没吃完，味道很好吃应该是我认为蓬莱最好吃的一家，去的时候人很多，等了一会儿 #石锅鱼# #草鱼# #海带# #山药# #宽粉# #金针菇# #青菜拼盘#
665,一如既往的好吃，吃了好多年了，强烈推荐，又实惠又好吃。
666,口味好量也足，两个人点了78套餐，一锅鱼加三个素菜没吃完
667,我每次上这吃都是觉得血赚血赚，因为我在老家吃烤海蛎子要10元一个，不知道一顿吃上35十个会不会影响健康！！
668,就吃烤海蛎子和冰冻虾还有水果，其他的没意思
669,都长毛了，6666
670,不管是美团、天猫还是滴滴打车等，这是有史以来我第一个差评！！！年初三跟家人（14人）小聚选择了呼伦贝尔，提前电话预约，电话中也提前询问了套餐及优惠券的使用。选了338套餐剩下的额外再点餐，不管是预约时电话里还是现场吃饭之前吧台都说除了338套餐之外，剩下的单点可以叠加使用美团79元抵100元折扣卷，吃到一半去前台，前台突然变卦说不能使用！！！这不算什么，没往心里去。可气的是吃饭时上菜慢，一帮服务员在旁边站着不上菜，就这么盯着数我们喝了几瓶酒几瓶饮料，麻汁、筷子、等要了3次才上齐，弄得姐夫有些生气，影响了家人的心情！再评价一下菜品，蔬菜说真的不贵，还可以，就是最后要的两盘蔬菜拼盘里有虫子，虫子🐛🐛🐛！家人也只是笑了笑的拿给服务员看了看，剩下的蔬菜就再没吃过！肉。。。。均价31一盘，盘子很大，肉就几片，量不多。想想吧，本来初三中午跟家人吃的饱饱的，去的时候肚子都还饱饱的，就奔着一起聊聊天的目的去的，结果我们14个不饿的人（包括3个小孩子），吃的蔬菜，海鲜，面条等不算，肉就上了20盘，回家我妈，我姐姐，姐夫等都说没吃饱，可想量有多少！之前在这里吃过几次自助还可以，但这次真的太差劲了！
671,非常好，非常不错，特别喜欢粉丝扇贝和烤海蛎子，鲜虾和海螺的水饺也非常鲜美，总之，特别推荐！
672,种类多，口味好，生蚝和扇贝的味道不错，建议提前去，人多的时候根本抢不到，各类海鲜的品质还不错
673,太差劲了。东西太脏了，凉菜都不是当天的，好几天的了，都酸了都，回来吃了拉肚子！什么牛肉羊肉都是些猪肉做成的，一两块钱一斤的东西！坑人
674,菜品有的还行，服务僵硬，环境一般
675,经常去这家吃自助，就喜欢吃海鲜，很好。
676,挺好的，样式很多，鲶鱼太太太咸了
677,快吃完了，补个照片，良心推荐，我是老客户👍👍👍
678,好吃😋
679,老板人很好，分量足
680,挺好吃的，选的菜没有到团购的钱数，老板还很仔细的给加上了，很不错
681,挺好的，经常吃，服务态度很好，口味也还可以，就是没啥特色
682,挺好吃的，还会再吃，只是老板一听团购就立马不给赠饮料了
683,味道很不错，很值得去吃，服务也很好。
684,已经来了很多次了，还没开吃，先评价
685,不问从来不说美团上有代金券 而且也不给便宜  用了还嫌烦
686,混沌都撒了，口味也不好，不会再吃了
687,烤鱼很小，刺真的超级多😂虽然说这个价钱也不要求太多，但是餐具费竟然还要单独付😂烤串真的很好吃
688,玉米粥很好喝啊，烤鱼味道也不错，
689,好吃，非常好吃了，下次还去哈哈 #诸葛烤鱼# #烤金针菇# #花肉# #精肉# #牛肉串# #烤馒头# #烤土豆片# #凉菜# #烤马步鱼# #金针菇# #麻汁# #大白菜# #涮毛肚# #拌黄瓜# #麻辣龙虾# #扇贝# #烧烤#
690,菜品一般，环境一般，特色一般服务态度好！
691,诸葛烤鱼很棒的
692,菜太辣了菜上的太慢了环境也就一般般吧
693,好吃实惠，不错，以后会常光顾，不错，不错
694,特别实惠，吃的挺好！
695,很喜欢，一直觉得她们家很干净，舍友很喜欢吃几乎每周都来，吃过很多家小火锅，她家虽然看着比较简洁，但我感觉很干净，味道也很棒。 #油条# #生菜# #宽粉# #蘸酱# #手擀面#
696,还行吧，就是门口的路应该再收拾一下，口味还不错，服务也还行，上的也挺快，朋友聚会的话还挺好的。
697,蘸料味道不错，最喜欢吃鸭血，去了几次了，价格不高
698,蘸料不错，最喜欢鸭血，价格可以
699,可以两个人拼一个啦，味道很不错很不错哒，提名辣椒酱炒鸡炒鸡炒鸡炒鸡炒鸡洗翻啦，建议带一个重庆籍贯小姐姐，调配的底料果然是与众不同的辣种!吃到撑啊2333虽然环境一般，氮素服务态度很好啊还是很适合。。嗯。贫民窟女孩的大胃王生活人多热闹嗯这也算是优点咩蛤蛤图文无关。不好意思了
700,不错，很喜欢去他家吃
701,还不错，和闺蜜一起去吃的，挺适合单人的，总之还不错
702,两个人吃的太饱了
703,.经济实惠..不错。很满意的..
704,环境挺好的，两个人感觉根本吃不完
705,口味不错，环境也不错，服务也很好！
706,为什么给个差呢！慢慢吐槽哈！美团菜单黑鱼一条2斤 给上了四盘鱼片，鸿安普肉28 他家菜单上18 精品32 菜单上28 还有上脑啊什么的 都不一样等等吧 既然要做团购 为什么价格还不一样呢 一直感觉鸿安是招远最好的火锅店 吃火锅总是去这里 以前从来没团购过 第一次团购竟然发现这种情况 太让人心寒了#黑鱼# #肥牛上脑#
707,口味可以，菜量一般，服务周到！！！
708,吃的很好，价位也合适，我们10个人，又点了一些。老妈生日，还送了生日面。很棒。
709,不错，很好的一次团购，服务，环境没得说，
710,服务还可以！菜品也不错！几个字了
711,还行吧，火锅都差不多，觉得没什么不一样的
712,肉好 环境好 服务好 肉饼很好吃 不过下次记得得早早点 嘿嘿 现做的很好吃
713,菜品还可以，虽然没吃饱。但是，对店家还是很满意的，服务非常周到非常满意，207的姐姐非常仔细非常耐心，简直无可挑剔，必须点赞表扬，这服务完美我给满分！
714,还不错，环境不错，服务态度还不错，人很多呀。
715,去的气候，人不是很多，味道一般
716,环境还可以，服务也不错，火锅味道很好，食材很新鲜
717,火锅各家味道都差不多，这家算稍贵的，可能是调料自助吧
718,也就一般吧，辣的锅味道不是太好。。。？ #菌汤#
719,菜品新鲜，口味不错，服务挺好。
720,服务不错 菜品量稍少 整体比较满意
721,服务人员服务态度差，做事不积极
722,不错 没有因为团购 降低品质不错 客人不是很多还算安静小伙服务很不错 座位不紧张
723,两个人都吃不完，很实惠，值得推荐，新鲜味道好。 #精品肥牛# #酸梅汁# #虾丸# #蘑菇双拼# #海鲜双拼#
724,菜品很实惠，推荐午餐肉和鸭血，很嫩。两个女孩子👧一百多，用券很实惠，小哥哥还给了木瓜牛奶，小细节很加分～
725,环境还好，中规中矩的。挺干净的。地方虽不大但不会感觉到闷。菜品上的很快，和详情里的一样，蔬菜很新鲜。菜量上不坑人，两个人吃有点小撑。锅底味道也还不错。服务人员也挺热情的。叫服务时都是笑脸相迎，看评论里有喷服务人员服务不好的我觉得完全没必要，服务人员引导你上桌上菜，餐时有需要可以叫，没必要站在你面前只为你服务。做什么都不容易，为你们点赞，很喜欢你们有说有笑。很轻松。临走时送了饮品和代金券，很好喝。谢谢。个人建议觉得休闲食品和果盘种类可以再多加一点，不用太多，要精，让人一看就眼前一亮。餐时没拍照片，只顾得吃了，所以没上传。总体很满意。推荐大家可以来尝尝。为君徕品工作人员小弟弟小妹妹点赞。👍
726,服务非常好！还送的奶茶，还送的杯子。
727,服务太差劲了，服务员一点眼力劲都没有，味道一般般，不建议第二次来
728,都是不新鲜的，羊肉一点味道没有，
729,味道不好   感觉不是很干净  我们吃了之后肚子不是很舒服
730,菜品很好，量挺多
731,味道不错，经济实惠的代金券，很合算。。吃的很饱……
732,不错，
733,去开发区经常吃，挺好吃得，关键便宜啊
734,房间还行，比较宽敞吧算是，可是卫生不太好，我住的房间的淋浴间碎了一扇玻璃，也没有换过，地上缝里都是碎玻璃，我去的时候好像只有两户居住，所以屋内都感觉毛巾什么的很久没换过。热水量不够，是水箱似的。总体不是太满意，楼内阴森森的，登记什么都很随意的感觉！拿本子写写！运营不善的感觉
735,还行吧，只不过室内照明不太好，间接营造出一种浪漫的气氛！
736,好评，价格实惠，服务人员热情。
737,房间挺大的感觉还行就是有点远不过性价比已经很不错了
738,环境很好下次还来吃爱爱吃啊哈哈哈哈
739,地方有点偏僻，不太好找，口味环境一般，服务还可以
740,房间还不错，位置是在半山坡，就是房间准备的少，必须提前一天预定才有机会订到房间！不过99块钱这条件也算是很满意了！不过门口的灯一会暗一会亮，让我有点不太好的感觉。下次需要还会再提前订然后去那，因为比我之前住的地方算性价比很高的了。
741,房间很大，床很大很舒服，跟朋友一起住的，晚上很安静也不吵，装修九成新，电视很大，空调有点旧了，热水器水温很足，只是水量好少，没洗够就没水，最后变成冷水澡了，哆哆嗦嗦的，幸好有浴霸，没冻感冒，希望商家能改善这个问题，其他都不错！
742,太恐怖了这个酒店，在一个半山坡上很难找、服务员也不是很正规、晚上九点回去走廊灯全部都是黑的、连个保安也没有、前台也没有服务员、整个宾馆都是黑的、我们自己找到走廊灯把灯打开的、安全真是个问题住在这里、估计也许是要倒闭了、还是连锁快捷酒店靠谱一些。
743,房间不错，单人床也很宽敞，卫生很好，电视信号不是很好，热水够用了，希望电视信号能够改善，下次还会光临的。
744,去了吃饭的人很少，只有一个服务员！一般般！
745,自助火锅就是坑人的！海鲜全是剩的！海螺都臭了，扇贝丁等好多小虫飞！扯菜快！火锅清水！！！酒精锅！就一个服务员，可以想到多冷清，谁去谁后悔，打死不去第二回！恶心！！！！
746,挺好的，人不多，很安静，美女服务员不错
747,有时间不是太新鲜……………………
748,环境和服务都很好，肉很新鲜，下次还会去的
749,总得来说还是不错的，因为经常去，评论都没啥好说的啦
750,很好，就是人很少，菜品也很新鲜，朋友聚会不错的选择
751,环境很好，不知怎么回事，人少的可怜，不过海鲜倒挺新鲜的，菜的种类少
752,不好，建议不要去，东西太少了还贵
753,交通方便，服务周到，菜品花样多，种类全！非常好的选择！
754,味道很好，而且环境好，位置好找，菜品很新鲜，服务业比较到位，和朋友一起来吃的，两个人足够了套餐，还有免费的水果，很好！！！还不用等座位，来吃了好多次了，喜欢的朋友可以来尝尝，在大悦城，喜欢喜欢喜欢，赞
755,和小伙伴一起吃哒 鱼肉量不少羊肉超好吃 还有自选水果 火锅总体不错就是口味有一丢丢咸 涮豆腐和金针菇超好吃呦！酱料可以自己搭配种类炒鸡多！自己又点了三个素菜没想到量那么足然后两个人吃到撑也没吃完 店家很热情服务也很好 (●'◡'●)ﾉ❤
756,位置就在大悦城的五楼，很方便。店内外的环境也不错，服务态度也好，菜的品种也还算丰富，出菜挺快。我是和朋友去的，朋友比我能吃辣，感觉辣味不太足。总体来说是一次挺好的团购体验，这种小火锅的价格也实惠，值得向大家推荐！
757,口味不错，分量很足，吃得很饱，2人足够吃的了，值得推荐，不错的选择。口味不错，分量很足，吃得很饱，2人足够吃的了，值得推荐，不错的选择。口味不错，分量很足，吃得很饱，2人足够吃的了，值得推荐，不错的选择。
758,之前限时秒杀看这个套餐便宜就秒杀了一个，特意去大悦城吃的，然后就很失望，我这个人真的是很少给差评这次就给个一般得了，那个小锅就像旋转小火锅一样大小然后还能鸳鸯锅也很可以了，青菜无所谓了，但是肉感觉不是很新鲜，培根涮完里面都咬不烂，涮到最后小锅上面浮着一层油，还有那个宽的大粉条也一言难尽，根本就没啥吃的，就那个米线煮一煮还算可以了，调料台上调料也不全，第一次去连麻酱都空了也没有人上，过了好久才有人上，水果一直是空的根本就没吃到，这么一看性价比也不算高啊，真不知道店里为什么人还算不少，然后吃完回家我和我的小伙伴肠胃都不怎么舒服，肚子就像一直在咕噜着，这次吃的一点都不好，就已经是再也不想来这第二次了
759,重庆老火锅，果然是越吃越辣！每个人要有底料钱，另外上边还会有橘子还有西瓜和蛋炒饭一类的…可能人少…蛋炒饭直接是冷的，西瓜也不新鲜…再说说到两人餐130不算便宜，菜量不是很多，除此以外还点了一些菜…价格都不是很划算…一般般吧…这个钱觉得也可以去吃海底捞了…
760,你家小飞虫挺多，赶都赶不走，虽说是团购吧，你们这菜的质量也真的是，以前也不是没有吃过你家，这回质量真差劲，酥肉也没之前多，我在这吃饭，你家服务员在对面看电视声音大的过分，还有嗑瓜子的一会来我这边的垃圾桶扔一次一会扔一次，简直无语，不会再来了，也不会推荐朋友来了
761,性价比非常高，团券加点了几个菜才花了一百，两个人吃不完，鸭血特别嫩非常好吃，套餐也很实惠，菜品不错，就是菠菜里有跟大长头发，卫生有待提高。除此之外还是蛮不错的 #牛羊拼盘# #鸭血# #宽粉#
762,太少了 和第一次比起来少太多了 越做越差 鱼还没吃几口就没了 这生意做的真是不怎么样 真的是少到令人发指 能有十几片鱼肉就算多了 第一次来吃能上一条鱼 现在估计半条鱼都没有 太糊弄人了
763,不错不错
764,服务好，口味好，每次吃火锅都来这里，不由自主会来这里！每次都是光盘行动……并且服务人员会提示你怎么消费更实惠！点赞！
765,环境脏乱差，配菜阿姨都不戴手套拿肉，不佩戴口罩，油豆皮一股变质的味道，还有午餐肉已经放了很长时间了，总体很差劲，不会再去了
766,很好！！！！！！！！ 菜品好   也实惠    环境老旧了些  总体不错
767,一般般，没有以前的好啦，市里也有一些家倒闭啦
768,口味好，团购套餐量很足都吃不完，服务很好
769,味道好极了，团的套餐量很足，绝对的够吃
770,两盘牛肉肉，一个蔬菜拼盘，一个鸳鸯锅，一个半斤牛二，三个半分丸子，需要158，我能说什么吗？
771,花了这么多钱，服务差到极点了，问这是上的什么肉，问了两遍不回答，第三遍回了句不知道，自己看！这个钱还不如吃海底捞呢！
772,#一品清汤锅# #甜不辣拼盘# #菌类组合# #蔬菜组合# #手擀鸡蛋面#
773,吃完了才想起来拍照，两人餐吃的饱饱的，幸亏没有点四人餐。黑蛤不错，鲜鲜的，没有泥沙 挺好。以后带父母来感受一下。 #A级肥牛# #黑蛤# #自助小料# #猪血# #菌汤锅底#
774,挺好的，三个大人一个小孩吃的饱饱的～自助的水果，沙拉都很好吃，还有虾片和饼干，孩子吃也不错～下次还会再来，
775,口味还行。就是价格稍微高点。4个人花了300。
776,环境不错，服务态度也很好！食材都很新鲜！个人感觉吃火锅去顺丰肥牛还是很不错的！
777,不给发票还无缘无花了40多简直了。
778,凑合吧，服务态度一般。。。。。
779,不错很好吃，很喜欢他家的酱料棒棒的，来了多次，每次来都有果盘或者饮品赠送，服务态度很好，菜品新鲜，肉品质很好值得信赖的商家 #海蛎子# #自助小料# #天鹅蛋# #虾丸#
780,口味不错，量很足，服务态度很好，下次还去
781,他家火锅还是很不错的，吃火锅一直选他家，质量保证虽然价格小贵。
782,口味好，服务好，环境好
783,与美团不是很符合
784,量比较大，通常吃不完，然后环境一般，菜，那口味也是一般吧，有几个比较好的，去多了也觉得也没什么太大意思。
785,量是够了。环境也还不错。值得一去。
786,很不错的地方，嗯，解放的解放时候的衣服，很让你怀旧，包括保健也是这样装修的，菜不错，量大味好。
787,环境很好，来过好多次了，每次公司聚餐都选这里，才很好吃
788,不错奥，以后继续光顾，菜点多了，剩了不少！
789,领孩子来见识不一样的生活，我们也回顾一下过去，不错。
790,一直团购老公社家的菜品，东坡子就一个大炕，就在厨房旁边，有点吵，菜量很足，老爸过生日全家一起过去的，老人很满意
791,真是差别，味道一般，服务也一般。太差劲了！
792,菜品质量很好，服务很好，送的豆浆，酸梅汤很好喝，有机会还会光顾
793,服务态度很好女神节还有惊喜，太满意啦💕
794,量大，菜新鲜，环境优雅
795,不错不错！味道好极了！不愧为老店，吃火锅还得去顺风肥牛，正宗，无论环境，服务和菜品都超赞，在朋友面前赚足了面子，加分不少，以后还会去的。
796,服务很周到！最后还赠送的鱼，每个人还有一份随手礼！不错！
797,钟爱他家的海鲜底料，服务不错，很棒！
798,希望加强对新聘人员的培训，希望有担当。
799,非常好
800,#大白菜胆# #麻酱# #虾丸# #尚品羔羊#
801,优惠
802,物美价廉，羊肉很纯，口号很好，铜火锅很经典
803,出乎意料的大铜火锅，按热情老板指导涮出的羊肉，口感出乎意料的好！后面确定要常来了！
804,门面一般但是口味非常好 麻汁味道杠杠地，抽空还得去一趟 必须的 #麻汁# #纯羊肉#
805,老板一家人特别热情，菜分量特别足，吃的饱饱的还剩了不少，老板还送了一盘新煮的下货，一大碗麻汁，一百个赞👍下次火锅还去这家，祝老板生意兴隆，不好意思就是光顾着吃，忘了拍照片😆
806,羊肉不错，味道鲜美，老板很热情，赞一个👍 #纯羊肉# #麻汁#
807,绝对好评，老板太热情了，纯正羊肉，吃火锅就去同福！
808,菜跟海鲜都很新鲜，羊肉更是一级棒，老板的服务态度很热情啊，好吃实惠，强烈推荐！！！！
809,老板人热情，羊肉新鲜口味不错，三个人点了两人套餐外加了份荠菜，吃的饱饱了，临走老板还送了几块羊血，😃，还会再来
810,羊肉不错，老板夫妻人很好，口味独特，真材实料
811,给你99分，多一分怕你骄傲(´⌣`ʃƪ)没见过这么实在的老板！菜品种类可能不齐，因为现在没荠菜，不过没关系，我拿肉给你补上！海鲜不够了，你如果想要的话，我去给你买！买回来的海鲜可新鲜了呢，七个人正好吃完这个套餐！老北京铜火锅，夏天在外面吃，边吃火锅边撸串，别有一番风味！价格实在！味道也好，点赞麻汁！我哥吃了两碗！િી他说这个麻汁味道好！#纯羊肉# 肉都是自己家弄得，看着帅哥老板自己弄，简直业界良心！吃饭的时候忘了拍照岂可修！
812,特别棒！！来第二次了，第一次朋友带来的，这次来当回头客了😂环境很棒，汤特别鲜，大外甥喝了五碗汤😂虾滑特别好吃，我姐夫做厨师的嘴特挑都说虾滑很好~
813,两大一小，还打包了半份蔬菜，半分面条和一份宽粉，开兰博基尼的前台小哥送我们一份菌菇拼盘，小盆友说，原来金针菇嚼不烂，这个金针菇可以嚼烂哦 #肥羊# #肥牛# #菌菇拼盘# #健康菌汤锅#
814,很好吃，很干净推荐，店家很好，还会再来！
815,环境好，烟台人家没错的，菜品有自己的特点 #肥羊# #肥牛# #蘑菇菌汤# #菌汤火锅# #菌类汤底# #金针菇# #乌鸡卷# #牛羊双拼#
816,来隔壁培训，中午吃了这个还不错的。汤是特色吃，喝着很舒服的感觉。肉也还行，蔬菜拼盘很实惠。四个姑娘根本吃不了，牡蛎全带走了，面带走了一大半，蔬菜宽粉也有带走的。不过真的很实惠也很好吃！另外感谢服务员小哥哥送的一瓶开胃！
817,环境不错，刚好在旁边住，很养生！推荐！
818,特别好   服务态度特别好 还免费送的开卫
819,菜品都很新鲜，肉很好，量也足，我和男朋友吃的饱饱的，实惠美味！！！虽然地方偏了一点点，但是很值得来一趟，太实惠了！！
820,很有特色的菌汤.赞光盘行动
821,菜品好吃，
822,每次去都超级满意，量大服务态度好，以后去牟平会继续支持。
823,口味好推荐大家去鸿安肥牛火锅城
824,菜新鲜，服务周到，价格实惠。闺女生日还送的牛肉水饺，非常感谢！赞！
825,口味还行。服务员一般。东西提前得问清楚。
826,海参不错 环境整洁干净 掌柜和服务员都很专业
827,物美价廉，很满意！！！！！！！！！！！！
828,非常好，服务态度很好，而且阿姨们很亲切。感觉跟自己家一样。服务态度太好了
829,价格便宜，实惠，挺好的，口味略重，会再来！还不错
830,服务很热情，套餐实惠，三个人吃很饱，肉很嫩，以后还回去 #精品肥牛#
831,很不错！性价比高
832,姐姐服务超级好，味道好，非常赞，一会还会光顾！
833,我是个龙虾控  烟台的龙虾馆吃了很多  总得来讲 龙虾处理得很干净 肉质非常饱满有弹性 比烟大那边的好吃  量还算可以 两个人吃足够 重庆小面和在重庆吃的不大一样  但是口感也很好 最好喝的是酸梅汤 比正大的要好喝一点   唯一提点建议  手套能再厚点么  都扎破了   😭😭
834,不说味道，服务是真的差，不按顺序上菜，哪个桌点的多先上哪个，呵呵
835,四个人去吃的，朋友不吃辣额外加了一份蒜香味儿的小龙虾！口味很麻很辣很爽啊！感谢老板多送了一扎酸梅汁！因为开车不能喝酒，下次坚决带司机去！这么好吃，不就这着啤酒可惜了！！ #麻辣黄瓜#
836,很好吃呢
837,黑胡椒黄焖鸡真的很和我的口味  还有送的小饮料 #黑胡椒味黄焖鸡# #娃娃菜# #金针菇# #米饭#
838,太少了！！！
839,服务不太周到，需要提前预定，不然等时间太长
840,味道好，环境也不错，最主要好吃👍👍👍
841,做的比较慢，然鹅，味道很好，棒棒哒
842,还不错，可以接受，菜也挺齐全的
843,"不建议大家美团，我们团的两个人的62,去到发现，店里吃25的标的，都比我们团的菜的种类多，团购是五个蔬菜，吃标是十个蔬菜，团购钱花的多，吃的蔬菜少，想去吃，就去吃标吧"
844,美团还不如单调点，海鲜一个一个的上，酒水饮料也比别家贵
845,店家态度恶劣，服务态度不好 菜码小 肉不新鲜
846,吃的不错
847,海鲜很新鲜分量也足，就是老板娘听在美团定的有点不太开心
848,。羊肉假的海鲜还行，服务态度差。环境可以，卫生一般般
849,还算实惠，不过美团价跟店里的价是一样的
850,还行还行还行，味道还可以，量也不小
851,超级好吃的，老板娘人不错哟。。。
852,以前从来不去评价，团购三年来不知道浪费多少积分，自从美团积分可以抵现金的时候，才知道积分的重要。后来我就把这段话复制了，走到哪，复制到哪，即能赚积分，还非常省事；特别是不用认真的评论了，又能么么哒.。...
853,有点不挺实惠，不太满意，不该团
854,还可以吧，就是蚊子多，孩子让蚊子咬了好几口……
855,东西不错，四个人没吃完。夏天吃的有点热，不过出出汗挺好的。
856,量很足，两男两女吃都没吃完，就是餐具太脏了，炸蛎黄一份28元，分量有点少！
857,挺好的，味道不错，几个人吃的很热闹
858,很好很棒，以后还要去，就是感觉不够斤数
859,不错，很好吃。一家人吃的都很饱。
860,口味太一般了，有的肉不是很新鲜了。
861,肉都有味了，味道也一般，不好吃
862,不是特别好吃，反正就是胃口内向的怎么好吃
863,挺好的，味道不错，老板很热情，下次继续
864,还不错，两个人吃的很饱，以后会继续光顾！
865,还可以吧没有那么实惠
866,一般一般。没有任何评价感觉一般就这样
867,菜品不错，位置好找，也有地方停车，种类十分丰富多彩，我们在这儿聚餐，感觉非常喜欢！
868,真心感觉一般，服务我也是醉了，老板娘我也醉了，明明是美团，结账时商家还收的正常的钱，感觉很不值。
869,挺好的，口味不错，值得推荐啊。
870,表示以后不会再去了，真心不咋地
871,就一盘肉，剩下的都是菜，可以多几盘肉么？价格贵点没关系
872,味道还可以 菜品也够 四个人正好
873,量大味美美还是非常不错的
874,服务不错，味道也不错！还会再来！
875,口味好 服务周到 挺满意的
876,特别喜欢里面的筋头巴脑第一次点套餐 三个人吃的好撑 没有吃完 #筋头巴脑# #一锅香小锅# #茼蒿# #四川酸菜#
877,还好就是3个姑娘吃 刚刚好
878,餐具也该换换了吧，旧的都发黄，裂开了
879,三人吃不了超值
880,有菜品臭了，整锅都臭了？虽然给换了锅，但是还是感觉真是恶心
881,老顾客。口味不错。
882,好吃就是好吃，鱼火锅，完了再涮点肉和菜，来瓶冰镇的饮料，爽
883,店里环境非常舒心，非常典雅，菜非常好吃，尤其是酸菜鱼火锅，哈哈，下次还来，服务非常满意，赞！
884,不够清淡，性价比不如丽江龙继斑鱼庄。
885,麻辣味道非常好吃，鱼很鲜，量很足，两个人都吃不完。
886,口味非常好，最多可一锅吃到三种口味，老板人也不错，希望生意能越做越火
887,番茄和酸菜味道的非常好吃，鱼很好吃
888,菜量足够，店家服务不过，有机会再次去光顾
889,很好吃 来了好几次了 鱼肉新鲜 现场捞鱼 棒棒的
890,菜品口味好，服务非常好，环境也很好。
891,服务可以，味道也不错。值得再去
892,劵没啥用，光锅底就50，一斤鱼27元，小料7块钱，餐巾纸都2块，两个人怎么着也得160吧，还不如去吃海鲜自助，有史以来最差的一次。
893,味道挺好的，环境也可以，鱼也比较新鲜
894,还不错的样子……开了好几年了……服务员少点感觉。菜品干净，还有赠品。。。。好👌
895,味道还好。环境好。服务态度很好。
896,二楼服务员服务真好  经常来这家店吃   还有吧台小闺女长的也好看服务态度也很好
897,味道正宗，环境好，停车位难寻是个问题。。。。。
898,鱼头很好吃。挺嫩的。还会再去
899,地方很好找，各种口味都有，拌萝卜也很爽口，环境整洁，服务员服务周到热情，赞👍一个！ #虾滑# #野生花鲢鱼# #鱼头汤#
900,超级好吃
901,在火锅里属于味道不错的，我挺喜欢，还会再来
902,东西新鲜，还不错，今天人比较少，上菜速度很快，服务也到位。#蔬菜拼盘# #鲜豆腐# #滑嫩深海鱼# 很好吃
903,下次还来，大姐給我们指挥车位，吃饭环境干净，口味好，我給大家推介一下
904,服务态度挺好的。菜品也挺不错。尤其是鱼肉很好。就是下午2点打烊。没吃过瘾
905,老板人很好，口味也很棒，值得推荐！
906,以前都不知道百惠有团购，今天看见，去买了好多东西，味道不错啊，还有西瓜和火龙果呢
907,以前来过，正常消费的还可以，这次来美团团的不爱接待，非让退了按美团价格给算，说验券麻烦，我坚持不退，这才用了，挑鱼时候本来捞了一条，老板嫌大，又让师傅换了个小的，美团在这家不受待见，可能挣得少吧，团购的鱼小，店里买鱼大，利益熏心
908,开发区不错的一家铁锅炖，去吃了好几次了，不过跟我在东北吃的比起来。豆油味儿有点重、希望可以改善一下。其它都很好
909,不错的东北菜、也挺实惠、老板热气
910,#笨鸡锅#
911,味道不错，量很足，根本吃不完，又不适合打包，
912,已经去了五六次了，最近天热了去吃饭待不住，太热…热，希望老板装个空调
913,这家铁锅炖已经多次光顾，非常不错，朋友聚会的好去处
914,口味不是太好，时间太长
915,超棒！味道很鲜！五个人根本吃不完！打包了一半！
916,太久了忘记了，应该还不错
917,味道好
918,环境略感拥挤，口感可以，但是觉得没再别的地方吃的好吃，煮的时间可以稍微再长一点儿，总体不错，
919,超级爱吃的石锅鱼，简单方便，又好吃，我一个不爱吃鱼的人，都想天天去吃啦，又想吃啦
920,服务态度很好，有时候还会再去。
921,味道非常赞很喜欢汤味道很好非常赞
922,很喜欢，服务态度很好，鱼也很好，环境也不错
923,可以一试的地方比较有特色，鱼肉比较嫩，口感不错，很短的时间鱼就可以做好，而且一直有人服务，服务员的服装很有特色，就是感觉价钱贵了一些，四个人只吃鱼就要差不多200，而且还有其他的费用，总之，尝试一下可以。
924,嗯，要的原味，味道很好，肉也很嫩，服务员都很热情哦。态度很好，主要是老板态度也很好，走的时候特别热情，还给了好几块糖～哈哈～
925,给服务点个赞，给特色点个赞，给味道点个赞，处理鱼特别迅速，自己亲手挑选，放心活鱼。要了个麻辣锅，味道很棒，尤其千叶豆腐，很神奇，煮完以后变的很薄很好吃。服务员穿着很有特色，云南风格，服务特别棒，帮忙夹鱼。两个人要了两斤一两的鱼，38一斤的。肉很嫩，刺也不多。土腥味也很淡基本吃不出来。给麻汁点个赞，麻汁很专业，各种调料也很丰富。要了一份手擀面，超级大的量。两个人基本都给吃了。还有赠送的凉菜。他家还有很多种类可以加在里面煮，下次人多多选一些。两个人花了140，用美团相当于一百多一点，很实惠了。想吃特色可以去那里试试。一共团了两张，还有一张过几天再去。
926,去吃了好多次  鱼汁很鲜   很喜欢
927,这家店我们经常去的，环境很干净卫生，服务很好，菜也新鲜，牛肉羊肉都不错，就是喝不惯饮料和水，有股怪怪的味道！
928,真心一般，一分钱一分货，感觉不同价位的羊肉上的都是同一种，牛肉也是，菌类拼盘金针菇和香菇有的都坏了，和服务员说了人家什么也没说，饮料特别难喝，锅底就是清水加辣椒油，总之很一般，和价位比较相符
929,肉一般，可能是因为团购价格原因，麻汁太咸了。
930,环境一般 卫生不太好 锅底'都是自来水
931,挺好的。
932,这家火锅店我们经常来光顾，卫生环境也很好，口味不错，是以前吃的老火锅的味道。蔬菜很新鲜，肉类很鲜嫩！调料的味道也很好！总之很喜欢。还有好吃的扇贝。可口的饮料！四个人的套餐，我们四个人去吃的，饱饱的，以后还去！
933,大厅有点冷，服务员怕收拾屋子，非让在一楼大厅，结果大厅就我这一桌
934,老福山火锅真心不错，牛肉和羊肉非常好吃，肉质鲜嫩！！！蔬菜也很新鲜，白菜全都是芯，都舍不得涮，蘸麻汁吃更好吃，还有手擀面，特筋道，还有撒尿肉丸，菜量肉量很足，我们四个大人，吃的饱饱的，有点撑着了呢！！！
935,挺好的，去过多次
936,很好，肉不错，麻汁的味道很棒哦！
937,属实我俩人挺能吃，味道赞，服务挺好，分量比较足，蛙锅上次也没吃了，虾锅也没吃了分量确实挺多，肉虾都很干净，没有别的味道，虾也处理了虾线，比较贴心，环境不错！
938,主要是看着环境好才去的。去了之后体验差。尤其是态度。让帮忙把虾滑弄一下，结果人家甩了一句你们自己弄，太忙了，然后人就跑了。上肉慢，找他们给我们上，剩余的两盘肉，还审问我们有什么肉没上，也是醉了。审问哦，不是询问！嗯，自己体会。
939,菜品还可以  就是香油需要另外付钱
940,一般般吧，不算好吃，也不算难吃
941,说几点吧  好的方面  环境不存。  菜量挺多 ［只是菜］  停车挺方便   存在不足  第一 服务员服务不到位   而且一直推荐东西  虽然东西不错  但是这种感觉不好   第2  羊肉牛肉  切的太薄都碎了  最重要的  最重要的是  美团说不嫌张数使用卷为啥  前台收银只允许用一张？？？？？？？
942,味道不错  我订的美团 我说菜不够我加菜 然后喝完酒去买单 直接让他们店员跟着我  难道怕我跑了 我既然去吃 就肯定带够钱了 ***看人低的玩意
943,#麻酱# #牛蛙锅# #酸梅汤#
944,真的挺好吃的 #特色牛肉# #五彩拼盘# #蔬菜拼盘# #牛蛙锅底# #鸳鸯锅底#
945,锅底随意的跟闹着玩一样，没啥味道。最让人惊呆的是服务员的服务，特别无语，情商感人……上了一份粉丝，臭烘烘的，问她，她说不知道，然后让她去问后厨。一会又端过来了，说过了一遍水就好了……我真的以为自己听错了😂😂😂😂
946,服务非常好，先是给烫了一下餐具。上菜之前先送了一盘桃子，宝宝超爱吃～好有自制的果汁，宝宝也很爱喝～老板还赠送了一份自制麻辣拌菜，味道很赞！团的四人份，量很足，推荐推荐！
947,挺好的，挺干净，挺好的，服务挺好的
948,拌菜很好吃，强烈推荐
949,服务好，味道好！
950,很棒的一次消费 已经不是第一次来吃了 价格也适中
951,还是一如既往的好吃，光速吃完，没有照片可以上传啦。家人吃的很开心，满足，店家很热情，服务很棒，还送了小礼品。很愉快的一次用餐体验，炒鸡开心的晚上！
952,挺好吃的，多次购买了
953,吃了吃赶紧太恶心了，味道不好也有可能有孩子没要辣的原因
954,味道不错，菜量大。服务周到，还主动帮助清理餐具。
955,不知道别人吃着怎么样，我喜欢焖锅。虽然说和黄记煌有点差距，但是服务态度和认真程度足可以弥补了，很好。
956,份量很足，两个人都没有吃完呀，值得推荐😊 #石锅鱼#
957,点的麻辣的加三元钱，可能我们能吃辣，没感觉很辣，量确实很足，两个人吃不完，鱼新鲜，不错 #手擀面# #土豆# #金针菇#
958,好吃，值得推荐
959,和好朋友的愉快美食
960,宿舍一起聚餐，现场挑的鱼，本来以为要很久，没想到很快就上了。口味不错，汤很好喝，但觉得鱼丸不是很好吃
961,经常和朋友去
962,还阔以，两人餐吃不了，稍微微有点咸
963,相当咸，除了咸其他味道都可以，菜挺多的，5个人没吃完，，，鱼是炸过的，还可以，不容易碎。
964,鱼很好吃~
965,大白菜里面发现的东西   回来不同程度的闹肚子
966,口味很好，服务周到，情人节一家人吃的其乐融融 #石锅鱼# #金针菇# #土豆片# #茼蒿# #油菜# #菠菜#
967,很好吃，服务很好，店家很热情，强烈推荐
968,过锅瘾周末的人可真是不少，满座，需等位。环境干净舒适，服务比较周到，再多点笑脸就更好啦😄。焖锅比较有特点，锅底菜能有一斤，各种的，有红薯条，挺甜。选的组合锅4样，鸡翅中、排骨、撒尿牛丸、鱿鱼，搭配秘酱好吃。凉菜可口，米饭🍚香。 #经典组合锅# #鸡翅锅# #米饭# #蕨根粉#
969,挺不错的店，菜好吃，服务态度好。下次还来
970,俄挺好的味道不错上菜也挺快的
971,挺好吃  前台结账的小哥哥超帅😍😍😍
972,口味一般，酱汁咸，不如黄记煌的焖锅口味好 #经典组合锅#
973,一言难尽。不太喜欢。分量少，菜的内容一般。
974,焖锅就是一锅炖再加酱，味道一般。主要当天吃完我和老公都拉肚子了，早晨只喝了粥，中午吃的这个，我们也是推测是焖锅的问题，估计以后也不太敢去了
975,还凑合吧，味道一般，价位较贵，服务一般
976,味道很不错，价位有点高 #鸡翅锅# #排骨锅# #牛肉锅#
977,还行
978,总体来说不划算，麻汁有点酸，就是吃了一个自己煮的麻辣烫
979,非常好，味道棒棒哒……老板大姐特别好，多送了一份鱼肉
980,店主大姐人特别好，服务环境干净，蔬菜新鲜，还有鱼肉，牛肉，棒棒哒，以后还会继续光顾
981,老板娘特别热情，我吃着玉米好吃，临走老板娘还送了四块玉米路上吃！大赞👍！
982,鱼肉不少，先用油过一遍就好了。这样不入味。
983,大悦城六楼滇草香云南原生态汤火锅服务热情 态度很好  环境古色古香别具一格云南民族风情门口有免费水果小吃还有赠送的米酒开胃小凉菜都超级棒  备注 米酒可以免费无限续杯哦✌😄他们家的火锅可以说是在火锅中比较特别的锅底有超级爱鲜辣。菌汤。味道难忘  菜品大部分从云南空运来云南豆腐云南特色菌类云南蔬菜等口味超级好还有本地蔬菜菌类 吃一次还想吃以前经常来都没有时间评论今天一定要给个好评 #特色米酒# #鲜花麻酱蝶# #迪庆牦牛嫩牛肉# #巴沙鱼# #鲜花饼# #豆制品小五拼# #大理吧嗒嘴鲜辣汤# #特色手工鲜米线# #菌汤锅底# #包浆豆腐# #竹筒饭# #滇味滑类组合# #菠萝饭# #小锅米线# #薄荷牛肉# #野生菌拼盘# #原生态小肥羊#
984,特别喜欢菌锅汤的味道，特别鲜美，送的米酒也非常好喝，大爱，就是贵了点
985,环境是可以的，很舒服，很独特。汤也是可以的，很暖鲜。然后如果服务再贴心点就好啦
986,食材不是很新鲜，俩人吃了380 还没怎么饱，这个价位不新鲜说不过去了吧。豆制品都两个色 都酸了…  对面就是海底捞 相比之下 价格还比海底捞高，服务还不如海底捞…
987,吃不着什么东西，而且鱼还难吃。这个价位再也不会选这家了
988,上菜太慢，最后吃完了还有米线没上。
989,很喜欢吃 特别是牛蛙 比较喜欢吃 推荐一下 #菌菇锅# #珍珠鱼籽鲜虾滑# #松茸菌# #放养生态牛蛙#
990,真的很一般，比青岛的差太大了，感觉价格也比青岛高
991,两人花了300多，没觉得吃了什么，味道也一般。觉得汤底越煮越辣，还不如第一次去吃的时候。不会再去了
992,火锅的味道很不错。国际有一种特殊的草药香味儿。
993,吃的铁锅炖，量很足。不错，东北菜很有特色。 #笨鸡锅#
994,味道不错，第二次光顾，环境比以前好了，很实惠，服务态度也很好
995,强烈推荐排骨锅！超好吃！四人吃，都吃不了，老板人很好，每次来都送饮料，下次多叫几个人吃大鹅锅
996,味道真心不错 来了好几次了 强推
997,味道非常赞！服务也非常好，量也非常足，三个人吃还剩下好多打包带走了，鸡肉香而不柴，强烈推荐 #宽粉# #榛蘑# #笨鸡锅#
998,口味不错😊经常路过时就去尝一下，菜量足，米饭🍚软糯好吃
999,不错挺好的  过了遍油的鱼肉 不下锅直接吃也好吃 #草鱼# #时令小凉菜#
1000,豆腐都酸了，还往桌上上.带着孩子去的怕孩子吃不了辣就告诉老板辣椒油别往鱼锅里放.给我们盛点碗里我们自己调！老板当时说好的也没说别的！结果结账时人家老板说.盛的那点辣椒油是收费的8元！  放锅里不收费.盛碗里就是8元！真无语了😓
1001,味道不错，值得再来
1002,经济实惠，5个人要了168元的套餐，结果没吃完，打包了！
1003,很实惠，三个人吃的饱饱的，还没吃完，味道也很不错，服务也不错哦
1004,6至8人套餐，6人吃，尽够！菜品实惠，口味不错，鱼肉炸的很嫩，香滑可口，推荐！
1005,味道不错，人不多，字还不太够。
1006,就餐环境 在桃村算很不错的了
1007,第一次吃，变态辣，变态辣，变态辣，重要的事情说三遍，一边擦鼻涕一边吃，不清楚这个口味是固定的，还是可更换的，说是三人餐，店家没问要什么口味直接上的，
1008,就一般
1009,真心感觉不怎么样  这个团购套餐4人不够吃的！ 口味还不咋样
1010,真的很不错。店老板和服务员服务态度都很好。还给我可爱的女儿送一瓶山楂饮料，还送了盘腌脆萝卜，最后锡纸包忘记了提醒后又送个果盘。我们都不好意思了。单点了五毛一串的，味道很好。很实惠。风味菌我女儿吃了还想吃，一直惦记着说好吃。
1011,打电话去预定位置的时候，那个小伙儿的态度特别好，去吃饭的时候，给了很多的建议，我们四个人去吃的，又点了一些菜，吃的都很饱，关键是服务态度特别的好，超级满意，菜的口味也很棒，以后会经常去的……
1012,菜量挺足，服务也挺好，环境不错。口味也不错，就是稍微有点咸。
1013,牛腩汤好好喝，告诉老板要上班，所以上菜速度很快，总体很棒。肉串也很好吃，两人去的，都打包了，菜量也很足，会再去的。顺祝商祺
1014,菜量很足，10个人足够了，老板服务态度很好，口味也不错，就是个别菜口味有点重，总之非常满意。
1015,相当的实惠，口味也不错，服务很有宾至如归的感觉，全家3口去吃的，饱饱的还带回两大包，真的是4人的分量，好评。
1016,已经是第N次来这家吃饭了，无论是口味还是服务都是一流的，服务特别到位，以后就认定大宋烧烤了，
1017,口味可以，服务周到，环境在同档次餐饮较好。
1018,东西多。吃不完。整体很好。建议去看看
1019,不好吃，分量挺多，但是，鱼吃着感觉不好！
1020,老板人不错，菜品也不错，朋友过生日，还赠送了饺子和面条，很不错，
1021,家门口的店开了也有些时日了，第一次过来吃，整体感觉口味是非常不错的，很正宗的，重庆石锅鱼的味道量也足，尤其是性价比非常的突出啊，适合家人一起出来吃。套餐搭配也算是比较合理，有荤有素，平时出来消费还是蛮不错的。 #招牌石锅鱼锅底# #特色肉#
1022,很美味的！
1023,第一次评论，味道一般，有的菜也没上，米饭果盘都没给我们上，服务态度也不怎么样，叫好几遍也不理我们，以后是不会去了
1024,店内也有优惠  价格差不多   不过麻汁小菜还是不错的
1025,去过好多次了，比较实惠，两个人没吃完，味道不错
1026,我能说套餐里的果盘压根没看到么！！
1027,以前吃过很多次，这次去鱼真是不好吃，除了豆瓣酱味其余什么味都没有，是换厨师了么
1028,#鸡胗# #鸡心#
1029,吃的挺饱，就是回来后我们都多多少少不舒服，拉肚子，不知道因为啥
1030,好吃 #火锅# #本地山羊肉# #面条# #串串香涮品（30串）# #手擀面#
1031,还可以就是速度慢了团了68又点了63的
1032,不错不错，挺好的
1033,老顾客了！态度好！东西也好吃！物美价廉，推荐！
1034,老板娘服务很周到，人也漂亮。饭菜数量还可以，吃的挺好
1035,在栖霞，能吃到这样的火锅，调料啥的应有尽有，已经很不错了，而且很实惠，两个人吃的很饱，环境也很烦，老板娘人也很好，服务棒棒哒，下着雨去吃，但心情还不是棒棒哒！感觉吃的值得！以后会经常光顾的！羊肉很好吃，串串也是很多！
1036,很好吃
1037,价格实惠  服务好   麻酱味道好
1038,已经是去了n次的回头客了，每次去都是必点芝士年糕加烤肉的锅底微微辣，经典的搭配，芝士还能拉出好长的丝来，里面还搭配的白菜，鱼饼，鸡蛋什么的，之前每次要的都是辛拉面，这次尝试了一下乌冬面和筋面，感觉还是辛拉面和乌冬面好吃，筋面时间长了就坨在了一起不好吃了，火锅的分量很足，尤其是喜欢吃最后的那个特色炒饭，薄薄的一层带着各种料吃起来很香 #烤肉年糕锅底# #芝士年糕锅底# #特色炒饭#
1039,看微博烟台吃货小分队推荐过来的，和我老公两个人，分量够。挺好吃，辣的很舒服，吃了暖呼呼的，咸淡正好，都吃光光了，炒饭没吃够，鲜甜的，芝士锅全部都吃完了，汤也很好喝。推荐推荐，真棒。 #芝士年糕锅底# #烤肉年糕锅底# #特色炒饭#
1040,经常光顾三清洞，也就只吃三清洞的年糕火锅，基本上都会点芝士➕烤肉的，芝士很香甜，烤肉……作为一个肉食主义者就不多说了。锅里有两块一半的鸡蛋，蘸着汤吃也不错。很期待最后的炒饭，加了玉米和海苔，特别的香。
1041,锅比以前小了，有点没吃饱怎么办，口味还是不错的
1042,还可以╮(￣▽￣)╭。。。。。。。。。。
1043,环境不错，服务态度很好，味道也还可以
1044,环境不错，味道不错，但是底料还是有点少
1045,味道还可以，两人吃正好，芝士配牛肉！
1046,味道不错，就是分量不多，所以有点小贵
1047,挺好吃的，来吃过几次了，两人套餐2个人吃完全足够
1048,里面环境太差桌子好油腻，地板都是粘的，吃东西吃出钢丝球的削，也没有找老板反正不会再去了，味道还行，肉挺嫩的
1049,好吃，实惠～菜量足～
1050,不错，挺好的，菜都很全，口味很喜欢
1051,一直在这家吃~真心不错~
1052,口味和量都可以，还会再买
1053,感觉挺好吃的吧有空就过来吃老板娘也像朋友一样老长时间不去还会想我感觉很好很好很好很好很好很好很好很好很好很好很好很好很好很好很好很好很好很好很好很好很好很好很好很好很好很好很好很好很好很好很好很好很好很好
1054,感觉菜品不是很多。口味还可以。
1055,挺好的，食物新鲜，下次还去品尝
1056,口味不错，品种比较多，服务周到，东西新鲜
1057,味道很好，希望，食材再好一些。
1058,好贵啊，没填多少就35了，真的挺贵的，比威海的贵很多
1059,好吃好吃
1060,确实不错，下次还来
1061,肘子好吃，老板热情，宾至如归
1062,老店了，一直都做的不错，尤其那砂锅，真是烟台的一绝，环境舒适，味道很正而且实惠，老板老板娘都是莱州人很热情，实在，我是这家店的老客人，吃了七八年了，现在一有时间就和朋友们去吃。。
1063,炒鸡好吃😋
1064,砂锅实惠，量足、干净
1065,很干净，菜也好，朋友吃的很满意
1066,全家都是聚香园的粉丝，哈哈
1067,干净~实惠
1068,服务不错吆
1069,老顾客了。吃了七八年了。
1070,好久没来了，涨价了。虽然免费的点心水果多了几种
1071,很难吃    味道太差了    还特别贵   2个人花了150元    没吃到什么东西    囗味很差   很难吃   不会再去第二次
1072,还不错，口味可以，
1073,服务员不多，服务还算热情，肉质鲜美
1074,说好的代金券可以叠加使用，结账时告诉我只能用一张，满满的套路吗
1075,上菜比较快，肉类比较新鲜，总体很好
1076,去吃过许多次，用美团团购是第一次，白白丢了许多银子，团购还是很划算的。再来说下菜品，很新鲜肉，也很不错，据说是牟平最好的。婆婆最爱吃他家的调味酱，说是吃过那么多家这家味道是最好的。还免费提供果汁水果，水果冰淇淋啥的，不过我只喜欢水果！
1077,一家三口，吃多少没数，点多了，最后打包各种肉各种菜带走，哈哈。
1078,挺好的，也不错很周到值得推荐
1079,和朋友都超喜欢吃这家牛蛙，肉质细嫩价格实惠。每次去吃，两个人点一份一点都不剩，当然主要是我吃的多。位置也特别好找，就在电梯旁边。希望多推出些优惠，这样就可以天天去吃啦。嗯嗯，服务也很好。说的废话有点多了，主要是为了凑字数。 #紫苏牛蛙# #酱香牛蛙# #稻花香米饭#
1080,超级赞！！！很好吃哎！直接圈粉
1081,烤牛蛙很入味很好吃 肉很嫩 玉米是甜的灰常好吃 点的锡纸蒜香牛蛙很入味肉嫩嫩的配菜有笋有藕片还有鸡爪 鸡爪很软糯 不能吃辣这个锅就是不辣的下次有机会要尝尝酱香的！团购了美团代金劵很划算非常非常的上瘾！！！！！！
1082,点的紫苏牛蛙，是第一次吃牛蛙没错了~体验不太好，虽然小姐妹很喜欢，可是我有点受不了牛蛙滑滑半鱼类的感觉...坐下之后等了三四十分钟催了好几次才上来，服务员说是因为要现杀牛蛙需要二十分钟....这个解释听完我有点不忍心吃...了...？所以煮了它又用了二十分钟么....期间还跳闸停电了一下下，服务员找不到上菜的桌子了，才发现原来桌号是用灯光打在每个桌侧的地板上的，可爱的设计。 #紫苏牛蛙#
1083,已经来过很多次了，这次不知道是不是因为不是假期，上菜的速度变慢了好多，锅的样子也换了，味道妹纸也说有点变化
1084,好吃到没有人愿意和你在干嘛
1085,环境好可以，桌子都太小了，秘密很有特色，蛙肉带改进
1086,只能说不如想象中的好，反正是没去过第二次
1087,第一二三四五六次吃听说炭烧蛙，以前都点紫苏牛蛙，这次带了孩子爸不吃辣，所以点了酱香牛蛙，结果上来菜一看，还以为点了酱香牛蛙背，反应情况后，店长又给加了份牛蛙腿，总之吃得还算愉快。值得一吃的美味！ #紫苏牛蛙# #麦香香蕉# #大叔小时候的豆皮#
1088,一份蛙不够一人吃，馒头好吃但是挺贵的
1089,喜欢这个！
1090,还可以，带妈妈一起去的。算是物美价廉
1091,挺好吃的
1092,宝龙广场人真少，吃的也少，只能吃这个
1093,还行吧不如以前了，经常去，也就那样
1094,我每次在楼下健完身都喜欢上去吃一顿(强行凑图)
1095,很好啊，孩子很爱吃，还有水果，品种也很多。
1096,干净 卫生 下次还来。
1097,不错，口味可以，菜品不是太全是遗憾
1098,一般吧，调料区有飞虫，菜品一般
1099,这家店环境很好，然后羊蝎子没有膻味儿就不吃羊肉的人也可以吃 很好吃 吃完可以下各种蔬菜肉丸啥的跟火锅一样。环境也很好，环境特别的好。然后店里的工作人员都很热情 价格也很合适公道性价比很高的一家店 非常好的一家店强烈推荐
1100,味道超级好，分量足足的，两个人吃不完，酸梅汁超级合胃口～会经常来。4月28～5月4日有活动，约起来吧！
1101,超级好吃，量多超实惠，还送了小凉菜，干净是真的，菜还新鲜，两人吃完全够了，真的超级好！会再去的。真心推荐，👍 #羊蝎子锅底# #鱼丸# #酸梅汁# #冻豆腐# #蘸料# #特色小菜#
1102,份量比较足，服务态度好，大叔挺热情的。套餐外自己又加了两份小菜，最后吃的特别饱，地点好找，停车方便，比较推荐。 #羊蝎子锅底# #白萝卜# #白菜#
1103,量大，两个人吃不完，蘸料特别好吃，老板特别热情，特别棒的一次美食体验
1104,太咸了，好难吃，强烈大家不要去呀，太难吃了
1105,忘记拍照了，味道很不错，比我在其他的地方吃的好多了！最关键的是老板人特别好，服务周到。希望老板生意兴隆！
1106,量很大，很实惠，老板人挺好😊
1107,好吃到照片都忘记拍了。此处省略1000字好评，老板态度非常好，我们没有点菜，前面有人要点菜，老板说你们吃吃再说吧，真的是两个人吃不完，吃到撑也没有吃完。太好吃了分量很足，强烈推荐。 #羊蝎子锅底#
1108,东西很好吃，老板人也很好，服务很热情
1109,好吃！特别好吃，喜欢这里的麻汁 #麻汁酱# #经典台式蟹柳# #花生芝麻糊# #酸梅汤#
1110,不太好吃，料太咸了，服务很好，态度也很好，上的也很快
1111,很好吃，服务态度也特别好，另外送了一壶果汁，很好喝，环境很好就是有点难找 #大刀有机黑毛肚# #土豆片# #麻辣锅底# #番茄锅底# #菌汤锅底# #手擀面#
1112,吃不饱，感觉一般。。。。城郊结合部比较久举办过
1113,非常好，吃的很满足，会经常来，服务态度好
1114,双人套餐，压根吃不饱。。。面条的量少的可怜，就几根！大雪天，给老板申请能送送一点面条，被拒绝了。。。哎，不推荐
1115,服务不错，菜品也挺好的，但是火锅底料一般般番茄锅味道有点奇怪，还有我也不知道为啥服务员总是把火调的很小很小...
1116,菜品很好，服务的话也很周到，环境也挺不错的，吃过很多次店里的小姐姐一直都很客气，棒棒哒。和男朋友还有朋友都买了一个留着慢慢吃。
1117,菜品极差，毛肚不新鲜，口味也不怎么好。很差的一次吃饭经历
1118,牛肉非常地道。冰淇淋挺好吃！服务很周到。大年初六，不用等位，不过人也挺多！ #筋头巴脑经典锅#
1119,很好吃，牛筋牛肉，很不错，大块，味道好。三个人，没吃完。菜量很足。 #筋头巴脑经典锅# #金针菇# #酸梅汤# #精品肥牛# #海蛎子# #章鱼丸# #大白菜# #茼蒿#
1120,去好几次了
1121,菜品新鲜，锅底量足，口味好，服务好，吃的舒心 #筋头巴脑经典锅# #自助调料# #海蛎子# #新西兰羊肉卷# #肥牛一号# #大白菜#
1122,我的天啊 真的特别好吃  去了好几次了 老板人也很好 #筋头巴脑经典锅#
1123,赞一个，天天去，很好吃，赞一个
1124,菜品丰富 海鲜也很新鲜  分量足 定了六人餐 四个大人 两个中学生没吃完  强烈推荐 吃火锅就选她家了  漂亮的老板娘也很热情  下次再和朋友一起来 #筋头巴脑经典锅# #吡管鱼#
1125,很好，很好，推荐
1126,分量特别足，味道也不错，环境优雅，就是有点呛得慌，服务周到，上菜也挺快的，推荐! #草鱼# #白菜# #宽粉# #油豆皮# #油麦菜#
1127,手机自带相机拍的照片，没加滤镜，鱼很好吃，外边是炸过一次，咬起来有韧性，里边软软的，一开始锅上来的时候锅里只加了一点肉，剩下的想吃多少随时加，防止一次加的太多肉煮烂了。    团的两人餐，两个人没吃完，吃了差不多有一半，推荐三个女生一起吃。    最后就是一开始的零食，为什么别人都是两盘，只有我们是一盘？？因为我们是美团嘛？？？ #蘸料# #宽粉# #草鱼#
1128,味道很好，一般要微辣的，双人餐很实惠
1129,等了50分钟，菜也不好吃，那五花肉也太厚了，很肥，😂唉，不幸福了
1130,店里的服务小哥很热情，为小伙子点赞。鱼的吃相就算了，还没买单就拉肚子。论锅底用了几次给换？。。。洗手间的马桶冲水严重不过关，影响心情。
1131,很久吃的了忘记了
1132,一家三口吃，不错挺好，热情周到的服务
1133,口味挺好，小吃挺好吃，锅底油不好，回来拉肚子
1134,不错，吃的很饱～环境也挺干净
1135,不错不错巴基斯坦位于南亚次大陆的西北部，这里历史悠久并且拥有相当旺盛的印度文明以及佛教文化。巴基斯坦是阿尔泰语系和印欧语系波斯文化与印度文化的交汇地，不仅如此，这里还是伊斯兰教文化以及佛教文化的交汇地，佛教的分支就是从这个地方经过阿富汗的巴米扬以及中亚从而进入中国大陆，之后再辗转路过东南亚进入印度南部以及斯里兰卡。
1136,墙裂推荐啊！牟平最正宗的一家鸡公煲了，超级符合我的口味！服务态度也很棒，这样沉闷的大雨天，来一份如此鸡公煲，简直不要太棒！下次带朋友一起来吃！老板生意兴隆啊！
1137,还不错。环境新装修的。经常来它家吃。如果开夜宵就更好了。
1138,火锅调料味太冲，服务态度也很一般。说有免费的水果啥也没有，免费的凉拌菜就有个菠菜拌粉丝一看就没食欲，有免费的冰淇淋去要说没了。坐了半个多小时锅底才上桌，要个面条也等了20多分钟。吃饱了也没上来，告诉服务员不要了，等下去结账面条却给算上了。里面就那么几桌客人也不多，服务做成这样也是醉了。再也不会去了。呵呵。
1139,一般吃火锅就是来这。不知道怎么突然转让了 #蜀味铺盖毛肚#
1140,服务特别差 东西上的慢 别来这家 去别的家味蜀吾 这家服务太差了
1141,忘拍照了 团的2-4人餐 3个人吃得刚刚好
1142,很好吃哦哦哦
1143,服务很不错，可惜当天机器坏了没有吃到切片羊肉，火锅没羊肉有点...红糖糍粑好吃推荐，居然还有成品肉丸，口感实在一般
1144,服务员服务特别好  火锅味道不错
1145,#红糖糍粑#
1146,第一次来烟台搜附近推荐来的果然名不虚传！口感好，老板为人热情，环境不错😊下次还得继续来品尝
1147,服务特别好，上菜很快，吃的很好，下次还会光临
1148,非常推荐这家店，老板和老板娘服务特别热情客气，菜量足，口味佳！因为个人原因到店很晚，店里就剩我们一座了，老板还一直告诉不着急慢慢吃！（可能是吃相太狂野了😄）下次还会光临 #酸梅汤# #羊蝎子锅底# #虾丸# #小料# #鱼丸#
1149,东西好吃，肯定是去了又去的好地方
1150,还不错，满意……附近有一家，可以经常尝尝！
1151,吃的鸳鸯锅，口味很好，团的6-8人餐，5大1小去吃的，量很足，根本就吃不完，还打包了不少回家，老板和老板娘两个人服务都特别热情，因为带着小孩，不停过来询问帮助，非常满意！老爸说了以后我们就是常客！
1152,老板娘人很好，还多送我们一提杨梅汁，环境很好 #羊蝎子锅底# #羊肉丸#
1153,点评其他家的发现这家没评，让我记忆犹新的是，我跟我老公吃完当天回来晚上都拉肚子了……价高
1154,老板很好，吃的也很开心
1155,心心念念的羊蝎子，没有失望，非常好吃。美丽的老板娘特别热情，点赞点赞点赞，下次还来
1156,我觉得很划算啊，这个套餐两个女的根本吃不完，人均才40，划算死了。自助的菜品也有很多，调料也很多，现在想起来我忘了吃冰激凌了。饮料虽然都是粉冲的但是免费的你还想怎样。去的时候人不多，到走也就十桌左右，不知道这么划算为啥没人去吃呢。
1157,昨天很想吃火锅，看了美团，发现这家全城火锅排名第二的店￼评论辣么诱人，在烟大的旁边，有人评论说是2019年吃过最好吃的火锅🔥麻溜就开车前往￼到了还排了一会队，心里那个期待呦￼锅的颜值不错，人均55左右，真的可以吃的很饱了，我们根本吃不掉！￼食材并没有很精细，真的感觉不值！半自助火锅噢！！！ #肥牛花腰# #巷里羔羊肉# #巷里羔羊# #牛肚串串# #一品大骨三鲜锅#
1158,牛油锅底可以说非常棒了，菜品也很新鲜。肉用料想当足。冰淇淋也不错 #经典肥牛上脑# #三鲜牛油锅# #劲道猪五花# #自助饮品# #手打鲜虾滑#
1159,性价比超高了，火锅味道也好啊，很适合学生党们聚餐 #经典肥牛上脑# #鲜滑双拼#
1160,如果你有幸看到评论，不要去！不要去！不要去！真的可以用很垃圾来形容！第一，菜品很差劲，说是自助，实则什么也没有，水果就两根发黑的香蕉！第二环境很差劲，刚进四月，苍蝇乱飞，都掉在了锅里，要多恶心有多恶心。第三，态度很差劲，苍蝇掉到了锅里还给捞出来看了看，面无表情的来了句，换锅吧！连句解释道歉都没有。而且加个汤都得再加钱，第四，价格不便宜，但是东西能抠死，而是肉上面居然还有毛！看图第五，虾滑明显是假的！第六，吃完难受了半晚上！！！总之，钱没少花，但是最差的体验，没有之一，不要去不要去不要去，坑人
1161,双人餐量还行，加上手擀面两个人吃不了，来这里主要就是为了自助菜品，可以多尝几样也不怕吃不完，没有山药挺可惜的，土豆都煮化了藕片也没煮烂。水果只有一种超便宜的特别小的那种冰糖橙，也并不好吃。酸梅汤跟芒果汁好喝，脑花是冰冻的不太新鲜，培根很嫩很好吃，牛上脑跟猪五花也不错，乌鸡卷属于能吃但是不好吃，鸡肉滑和香菇滑就是一般的水平，牛油锅底也不好吃，总的来说这家只能给个及格分 #经典肥牛上脑# #自助饮品# #酸梅汁# #劲道猪五花#
1162,很棒的一家店。和朋友聚餐一般都在这，这次是和对象一起来的，经常来这，推荐大家来。血肠牛肉很好吃。
1163,挺好的 #鲜滑双拼#
1164,服务态度特别差，是特别差，就那个女服务员，大概三四十岁，特别差！虽然说素菜自助，但是种类很少，冰淇淋，水果什么的就根本没有（水果应该就是那点橘子瓣），让加汤，说了三次，终于加上了。办不了自助就不要办，又舍不得放菜。比我在淄博吃的那家一个天上一个地下。总之，特别差，！
1165,特别好吃，口味很棒，吃的超级饱，而且老板人好，服务员也很热情❤️
1166,还行吧！味道一般！两个女生一个套餐，分量正好！
1167,一般般 分量少哦 没有很多菜和肉哦
1168,环境不错，口味还可以！！！！！！
1169,废话一句不想说。再不会来了。此美团号第一个差评送给本店。
1170,口味儿一般吧，说是有鱼肉，就吃了一小口，就再也没见着鱼肉。
1171,味道挺好的，上菜速度挺快的，下次还会来的
1172,味道一般吧
1173,不好吃，以后还是去黄记煌三汁焖锅吃吧
1174,服务很好，不过说实在的，花98去吃这一道菜，我觉得很不值，因为菜品的质量不高，说是鸡肉，其实骨头多于肉，还没有鸡架的肉多，菜品占了60%.再加上鸡骨头，真的是没有什么值钱的东东了，我想不会再去了！
1175,四个人去吃的四人餐都吃不完，炒鸡多！！！！！好吃！！！酱料特别浓 #自选调料# #鸭血# #自制酸梅汤# #澳洲肥牛# #土豆片# #茼蒿# #苦菊#
1176,量足，蘸料味道也可以，就是服务不是让人满意。没关系，以后也去不了第二次啦，哈哈哈(ಡωಡ)hiahiahia
1177,酸梅汤太浓，让稀释一下，直接放自来水 水龙头里的生水  没敢喝害怕拉肚子。朋友在喝没稀释之前就说肚子不舒服啦。
1178,特别不错真的推荐这家店太实惠了
1179,好吃，而且两人餐特别多，我俩没吃完都
1180,挺好吃的 去过好几次了 #自选调料# #精品五花肉# #木耳# #自制冻豆腐# #卷心菜# #地瓜片# #午餐肉# #澳洲肥牛# #手擀面#
1181,挺好的，味道挺好， #麻辣小龙虾# #娃娃菜# #精品牛肚# #菠菜# #鱿鱼# #卷心菜# #越南巴沙鱼# #海蛎子# #木耳# #香菇贡丸# #鱼味卷份# #鸭血# #自制虾滑# #番茄菌汤鸳鸯锅# #壹品滋补骨汤锅#
1182,很好，光顾着吃了，没拍图片。真心推荐。。。。 #精品五花肉# #自选调料# #鸭血# #自制冻豆腐# #滋补骨汤中药锅#
1183,挺干净的
1184,口味尚可 服务还行 有免费酸梅汤 环境不错 在这种档次火锅店算是比较好的 #精品五花肉#
1185,很好吃，强烈推荐
1186,好吃
1187,#毛肚# #羊肉# #豆油皮# #生菜# #菠菜# #鱼丸# #鱼豆腐# #牛蹄筋# #虾丸# #鸭血# #土豆片# #冻豆腐# #海带结# #蟹棒# #酸梅汁# #鹌鹑蛋# #蘸料# #金针菇#
1188,冲着蘸料去的，味道果然不错，没有胃口的我也吃了好多，两个人领着小宝去的，美团了一个双人套餐，又单点了70多块的东西，全吃完了，非常不错。 #毛肚# #蘸料# #土豆片#
1189,菜品很好，上菜很快，以后还会去的！
1190,去过挺多次的，以前挺喜欢吃她家的蘸料。今天去蘸料是酸的。而且服务也不如之前热情。
1191,菜品口味还行，为何都是加盟店美团价格有差异
1192,猪肚很好，来了第二次了 #手擀面# #娃娃菜# #金针菇# #生菜# #菠菜# #毛肚#
1193,多次购买消费，口味不错
1194,不错，值得去
1195,服务很好 人少的时候去的 感觉很贴心 #三文鱼寿司# #鳗鱼寿司#
1196,听说是我们点的这天刚上的 味道甜甜的 很养生 其实这个菜就满足了 想吃寿司 又想在冬天吃火锅的吃货们
1197,味道挺好的，汤挺好喝的啊，性价比比较高
1198,好吃，吃完还打包回家一些
1199,点的肥牛锅，牛肉很一般。这个火锅超级难吃，有股味道，不推荐。
1200,非常好吃。喜欢吃寿司的宝贝们快来吃呦
1201,四十多分钟，才炖好。  吃到最后胡萝卜，白菜根都是生的。口味太一般，跟刷锅水似的。
1202,品类有些少 没有什么优惠 性价比一般
1203,菜品可以，环境不错，服务态度很好！！！
1204,一般吧，没有期望的好吃，服务还是不错的。
1205,味道特别不错，两人餐完全足够，服务态度好，环境也特别不错，强力pick就对了 #韩式烤肉# #顶乐富硒肥牛#
1206,老板亲自服务，酱料食材都特别的新鲜～很美味～请客最成功的一次～有面子……嘻嘻🤭，强烈推荐～
1207,环境挺好的，服务态度很棒，从来没有过的体验，味道挺好的，还会来。两盘生的蔬菜基本上全吃光了，酱料味道也不错，没有要烤肉换成涮肉了，包在米皮里吃感觉挺神奇的，时令蔬菜里还有我最爱的荠菜，给个大大的赞！！
1208,量大，实惠，服务周到，可涮可烤，环境安静，快吃完才拍的照片。
1209,菜很多很实惠，我们第一次来老板亲自给我们烤肉～ #包菜# #韩式烤肉# #蘸料# #大盘时令蔬菜# #顶乐富硒肥牛# #时令海鲜# #米线#
1210,首先，老板人好其次，菜很足，绝对能吃饱最后，很新颖，很好吃，韩式口味，吃出好心情
1211,米线两份就给上了一份，问才说，还有一份要是不喜欢可以换方便面。价值30元的包菜就是两小蝶韩式料理店免费的泡菜？最后吃完了店家都没给上海鲜，临走时我看到别的桌的海鲜问店家，老板还赖我们没提醒他。偷工减料严重的店，难怪开店不到一年，饭点一个人没有。吃火锅这么多年，第一次碰到有少上东西的店。
1212,根据评价来选的，真心好吃，量也大，三个人吃到撑了，强烈推荐烤牛肉，好好吃
1213,第二次来了，味道一如既往地好。老板还给我们赠了水果和小菜。不错不错！妹妹吃得很开心😊
1214,吃过好几次 老板特别热情
1215,口味不错，两个人够吃了，可以单点点蔬菜或者片片，服务员很热情，帮助弄鱼，就是等的时间有点长，不适合赶时间的宝宝们！味道很赞，鱼的味道很浓郁！有机会还会来尝试的。话说，你们家生意真的很不错，带家里老人来吃肯定会很喜欢！
1216,很好吃呀，打电话提前预约的，去了就可以吃了，感觉味道很好，符合我的胃口，里面的饼子也好吃，鱼也特别嫩，店里人不少，满满的，还有等坐的，店里环境也不错的，小姐姐们的服务态度也很好，总之很满意呀，下次还要去
1217,好好好好好好好好好好好好好好好n多次来吃了 #玉米饼子# #大锅炖鱼# #铁锅炖鱼# #土豆# #排骨# #江龙鱼# #马哈鱼# #鱼锅片片#
1218,鸡肉和鱼肉都很新鲜，平时孩子去饭店都不爱吃饭，在这里吃了好多，特别喜欢这个玉米饼子，好吃！还会再来的！
1219,实际消费＋餐具1.5元合计201，店家服务说要收202说是餐具应该收现金的  美团支付就要202，多一块钱能发家致富吗？
1220,喜欢炖鱼的强烈推荐，鱼肉细嫩，很香，配菜量很足，最关键的是什么，他们家服务超级热情，感觉人超好，有种在家吃饭爸妈做饭的感觉，非常喜欢。
1221,服务很棒，第一次去吃，吃的很不错哦⊙∀⊙！东西很新鲜，口味不错排骨炖的很烂，鱼更棒，确实很有特色，停车稍微不太方便
1222,味道还可以，需要提前定，不然等好久
1223,鱼类都是活鱼现杀的，超级超级新鲜，墙裂推荐👍👍👍👍！服务也很好，上菜很及时，服务很到位。套餐的量很足，三个人吃的饱饱的。锅底汤料味道很好，用片片蘸着吃，哇塞，口感特别棒，每次去必点之一。美女老板人美心也美，祝生意兴隆，财源广进！ #玉米饼子# #铁锅炖鱼# #土豆# #排骨# #鱼锅片片# #金针菇# #豆腐# #清江鱼# #大锅炖鱼#
1224,挺不错，吃得挺好，服务也不错
